,link,Title,Detials,Price per Night,Rating
1,https://www.airbnb.ca/rooms/36336266?adults=1&check_in=2022-11-02&check_out=2022-11-03&previous_page_section_name=1000&federated_search_id=3540ef88-629d-47f4-b3d4-309338dab0a5,Hotel La Croix Bronze One Queen,2 guests Â·  Â· Studio Â·  Â· 1 bed Â·  Â· 1 shared bath,$161Â CAD,4.48
2,https://www.airbnb.ca/rooms/549387797494551181?adults=1&check_in=2022-11-02&check_out=2022-11-03&previous_page_section_name=1000&federated_search_id=3540ef88-629d-47f4-b3d4-309338dab0a5,Private Standard Queen Room Near HNL Airport,2 guests Â·  Â· 1 bedroom Â·  Â· 1 bed Â·  Â· 1 private bath,$186Â CAD,4.25
3,https://www.airbnb.ca/rooms/41984952?adults=1&check_in=2022-11-02&check_out=2022-11-03&previous_page_section_name=1000&federated_search_id=3540ef88-629d-47f4-b3d4-309338dab0a5,Female Dorm Voted Best Hostel By Travel Channel,1 guest Â·  Â· 1 bedroom Â·  Â· 8 beds Â·  Â· 1 shared bath,$80Â CAD,4.55
4,https://www.airbnb.ca/rooms/43237326?adults=1&check_in=2022-11-02&check_out=2022-11-03&previous_page_section_name=1000&federated_search_id=3540ef88-629d-47f4-b3d4-309338dab0a5,Waikiki Partial Ocean Kitchenette w/ 1 Queen Bed,2 guests Â·  Â· 1 bedroom Â·  Â· 2 beds Â·  Â· 1 private bath,$225Â CAD,4.47
5,https://www.airbnb.ca/rooms/38086946?adults=1&check_in=2022-11-02&check_out=2022-11-03&previous_page_section_name=1000&federated_search_id=3540ef88-629d-47f4-b3d4-309338dab0a5,"1 King Bed w/Waikiki View, Hotel Renew",2 guests Â·  Â· Studio Â·  Â· 1 bed Â·  Â· 1 private bath,$289Â CAD,4.56
6,https://www.airbnb.ca/rooms/26063949?adults=1&check_in=2022-11-02&check_out=2022-11-03&previous_page_section_name=1000&federated_search_id=3540ef88-629d-47f4-b3d4-309338dab0a5,"King Room at The Equus, Near Ala Moana!",2 guests Â·  Â· 1 bedroom Â·  Â· 1 bed Â·  Â· 1 private bath,$226Â CAD,4.56
7,https://www.airbnb.ca/rooms/24397028?adults=1&check_in=2022-11-02&check_out=2022-11-03&previous_page_section_name=1000&federated_search_id=3540ef88-629d-47f4-b3d4-309338dab0a5,Convenient Studio Condo in Waikiki #B,2 guests Â·  Â· Studio Â·  Â· 1 bed Â·  Â· 1 bath,$257Â CAD,4.69
8,https://www.airbnb.ca/rooms/551279275838461355?adults=1&check_in=2022-11-02&check_out=2022-11-03&previous_page_section_name=1000&federated_search_id=3540ef88-629d-47f4-b3d4-309338dab0a5,Great LocationğŸ–Free Parking ğŸš—Aqua palms hotel,2 guests Â·  Â· Studio Â·  Â· 1 bed Â·  Â· 1 private bath,$386Â CAD,4.95
9,https://www.airbnb.ca/rooms/49049791?adults=1&check_in=2022-11-02&check_out=2022-11-03&previous_page_section_name=1000&federated_search_id=3540ef88-629d-47f4-b3d4-309338dab0a5,"Waikiki Banyan & Luxury( Free wifi & parking, 1Br)",4 guests Â·  Â· 1 bedroom Â·  Â· 3 beds Â·  Â· 1 bath,$381Â CAD,4.85
10,https://www.airbnb.ca/rooms/50201410?adults=1&check_in=2022-11-02&check_out=2022-11-03&previous_page_section_name=1000&federated_search_id=3540ef88-629d-47f4-b3d4-309338dab0a5,Ocean View Banyan Waikiki Corner Sea 2 Min 1 Car Max 7 People 4 Beds Yes Bathtub Yes WF,7 guests Â·  Â· 1 bedroom Â·  Â· 5 beds Â·  Â· 1 bath,$276Â CAD,4.7 
11,https://www.airbnb.ca/rooms/49130811?adults=1&check_in=2022-11-02&check_out=2022-11-03&previous_page_section_name=1000&federated_search_id=3540ef88-629d-47f4-b3d4-309338dab0a5,"Room Near Ala Moana Center, 1 Queen",2 guests Â·  Â· Studio Â·  Â· 1 bed Â·  Â· 1 private bath,$226Â CAD,4.63
12,https://www.airbnb.ca/rooms/34749923?adults=1&check_in=2022-11-02&check_out=2022-11-03&previous_page_section_name=1000&federated_search_id=3540ef88-629d-47f4-b3d4-309338dab0a5,"Shoreline Hotel Waikiki, One Queen Bed",2 guests Â·  Â· 1 bedroom Â·  Â· 1 bed Â·  Â· 1 private bath,$257Â CAD,4.38
13,https://www.airbnb.ca/rooms/40064993?adults=1&check_in=2022-11-02&check_out=2022-11-03&previous_page_section_name=1000&federated_search_id=3540ef88-629d-47f4-b3d4-309338dab0a5,Mountain View Studio with Full Kitchen(Legal),2 guests Â·  Â· Studio Â·  Â· 1 bed Â·  Â· 1 bath,$335Â CAD,4.64
14,https://www.airbnb.ca/rooms/26549373?adults=1&check_in=2022-11-02&check_out=2022-11-03&previous_page_section_name=1000&federated_search_id=3540ef88-629d-47f4-b3d4-309338dab0a5,7F Fabulous Studio with Beautiful Park Views,3 guests Â·  Â· Studio Â·  Â· 1 bed Â·  Â· 1 bath,$302Â CAD,4.69
15,https://www.airbnb.ca/rooms/27142524?adults=1&check_in=2022-11-02&check_out=2022-11-03&previous_page_section_name=1000&federated_search_id=3540ef88-629d-47f4-b3d4-309338dab0a5,"Luxury Condo 3bd, sleep6 w/Prkg ãƒ¯ã‚¤ã‚­ã‚­ãƒãƒ‹ã‚¢ãƒ³",6 guests Â·  Â· 1 bedroom Â·  Â· 3 beds Â·  Â· 1 bath,$397Â CAD,4.75
16,https://www.airbnb.ca/rooms/24522646?adults=1&check_in=2022-11-02&check_out=2022-11-03&previous_page_section_name=1000&federated_search_id=3540ef88-629d-47f4-b3d4-309338dab0a5,Modern Getaway - One Block from Waikiki Beach,2 guests Â·  Â· Studio Â·  Â· 1 bed Â·  Â· 1 bath,$318Â CAD,4.9 
17,https://www.airbnb.ca/rooms/27466787?adults=1&check_in=2022-11-02&check_out=2022-11-03&previous_page_section_name=1000&federated_search_id=3540ef88-629d-47f4-b3d4-309338dab0a5,"Near Ala Moana Center, 2 Double beds",4 guests Â·  Â· 1 bedroom Â·  Â· 2 beds Â·  Â· 1 private bath,$226Â CAD,4.47
18,https://www.airbnb.ca/rooms/48666313?adults=1&check_in=2022-11-02&check_out=2022-11-03&previous_page_section_name=1000&federated_search_id=3540ef88-629d-47f4-b3d4-309338dab0a5,29th floor ocean view Waikiki Hawaiian Monarch,2 guests Â·  Â· Studio Â·  Â· 1 bed Â·  Â· 1 bath,$291Â CAD,4.84
19,https://www.airbnb.ca/rooms/550698815747997704?adults=1&check_in=2022-11-02&check_out=2022-11-03&previous_page_section_name=1000&federated_search_id=3540ef88-629d-47f4-b3d4-309338dab0a5,#27th Floor Waikiki Studio w/ Great Ocean View,2 guests Â·  Â· Studio Â·  Â· 1 bed Â·  Â· 1 bath,$346Â CAD,4.65
20,https://www.airbnb.ca/rooms/21428179?adults=1&check_in=2022-11-02&check_out=2022-11-03&previous_page_section_name=1000&federated_search_id=3540ef88-629d-47f4-b3d4-309338dab0a5,"Newly decorated,Central Waikiki,Ocean view W wifi",2 guests Â·  Â· 1 bedroom Â·  Â· 1 bed Â·  Â· 1 bath,$313Â CAD,4.75
21,https://www.airbnb.ca/rooms/32497707?adults=1&check_in=2022-11-02&check_out=2022-11-03&previous_page_section_name=1000&federated_search_id=c2e7d342-fb10-49bb-ba17-182fc1c42125,Premium Room with Balcony (No Cleaning Fee),4 guests Â·  Â· 1 bedroom Â·  Â· 2 beds Â·  Â· 1 bath,$249Â CAD,4.07
22,https://www.airbnb.ca/rooms/41984952?adults=1&check_in=2022-11-02&check_out=2022-11-03&previous_page_section_name=1000&federated_search_id=c2e7d342-fb10-49bb-ba17-182fc1c42125,Female Dorm Voted Best Hostel By Travel Channel,1 guest Â·  Â· 1 bedroom Â·  Â· 8 beds Â·  Â· 1 shared bath,$80Â CAD,4.55
23,https://www.airbnb.ca/rooms/43237129?adults=1&check_in=2022-11-02&check_out=2022-11-03&previous_page_section_name=1000&federated_search_id=c2e7d342-fb10-49bb-ba17-182fc1c42125,Waikiki Studio Kitchenette with 1 Queen Bed,2 guests Â·  Â· 1 bedroom Â·  Â· 2 beds Â·  Â· 1 private bath,$209Â CAD,3.56
24,https://www.airbnb.ca/rooms/54265596?adults=1&check_in=2022-11-02&check_out=2022-11-03&previous_page_section_name=1000&federated_search_id=c2e7d342-fb10-49bb-ba17-182fc1c42125,Deluxe 2 Double Beds at The Equus,4 guests Â·  Â· 1 bedroom Â·  Â· 2 beds Â·  Â· 1 private bath,$218Â CAD,4.84
25,https://www.airbnb.ca/rooms/37234021?adults=1&check_in=2022-11-02&check_out=2022-11-03&previous_page_section_name=1000&federated_search_id=c2e7d342-fb10-49bb-ba17-182fc1c42125,"1 Double Bed w/Waikiki View, Hotel Renew",2 guests Â·  Â· Studio Â·  Â· 1 bed Â·  Â· 1 private bath,$289Â CAD,4.43
26,https://www.airbnb.ca/rooms/39533085?adults=1&check_in=2022-11-02&check_out=2022-11-03&previous_page_section_name=1000&federated_search_id=c2e7d342-fb10-49bb-ba17-182fc1c42125,Platinum Skyline Penthouse - Newly Renovated,2 guests Â·  Â· 1 bedroom Â·  Â· 1 bed Â·  Â· 1 bath,$362Â CAD,4.23
27,https://www.airbnb.ca/rooms/53829716?adults=1&check_in=2022-11-02&check_out=2022-11-03&previous_page_section_name=1000&federated_search_id=c2e7d342-fb10-49bb-ba17-182fc1c42125,"2 Double Beds w/Waikiki View, Hotel Renew",4 guests Â·  Â· Studio Â·  Â· 2 beds Â·  Â· 1 private bath,$306Â CAD,4.63
28,https://www.airbnb.ca/rooms/34749328?adults=1&check_in=2022-11-02&check_out=2022-11-03&previous_page_section_name=1000&federated_search_id=c2e7d342-fb10-49bb-ba17-182fc1c42125,"Coconut Waikiki Hotel, City View Queen",2 guests Â·  Â· 1 bedroom Â·  Â· 1 bed Â·  Â· 1 private bath,$257Â CAD,4.64
29,https://www.airbnb.ca/rooms/51962027?adults=1&check_in=2022-11-02&check_out=2022-11-03&previous_page_section_name=1000&federated_search_id=c2e7d342-fb10-49bb-ba17-182fc1c42125,âœ¨ Standard Room with King Bed at Waikiki beach,2 guests Â·  Â· 1 bedroom Â·  Â· 1 bed Â·  Â· 1 bath,$307Â CAD,4.65
30,https://www.airbnb.ca/rooms/32387729?adults=1&check_in=2022-11-02&check_out=2022-11-03&previous_page_section_name=1000&federated_search_id=c2e7d342-fb10-49bb-ba17-182fc1c42125,Loft#1 Spacious Private Room in 3 bedroom loft apt,2 guests Â·  Â· 1 bedroom Â·  Â· 2 beds Â·  Â· 1 shared bath,$222Â CAD,4.26
31,https://www.airbnb.ca/rooms/47501677?adults=1&check_in=2022-11-02&check_out=2022-11-03&previous_page_section_name=1000&federated_search_id=c2e7d342-fb10-49bb-ba17-182fc1c42125,OCEAN VIEW Newly Remodeled Waikiki High Rise Unit!,4 guests Â·  Â· Studio Â·  Â· 2 beds Â·  Â· 1 bath,$308Â CAD,4.82
32,https://www.airbnb.ca/rooms/634287587466599016?adults=1&check_in=2022-11-02&check_out=2022-11-03&previous_page_section_name=1000&federated_search_id=c2e7d342-fb10-49bb-ba17-182fc1c42125,TearDrop Camper Farm Escape,2 guests Â·  Â· 1 bedroom Â·  Â· 1 bed Â·  Â· 1 bath,$195Â CAD,4.61
33,https://www.airbnb.ca/rooms/53203950?adults=1&check_in=2022-11-02&check_out=2022-11-03&previous_page_section_name=1000&federated_search_id=c2e7d342-fb10-49bb-ba17-182fc1c42125,"Waikiki 1BR W/Kitchen, Max 4! Stay W/Family etc.",4 guests Â·  Â· 1 bedroom Â·  Â· 2 beds Â·  Â· 1 bath,$254Â CAD,4.0 
34,https://www.airbnb.ca/rooms/690446952437754305?adults=1&check_in=2022-11-02&check_out=2022-11-03&previous_page_section_name=1000&federated_search_id=c2e7d342-fb10-49bb-ba17-182fc1c42125,Delightful One bedroom camper / RV in Honolulu,2 guests Â·  Â· 1 bedroom Â·  Â· 1 bed Â·  Â· 1 bath,$189Â CAD,4.86
35,https://www.airbnb.ca/rooms/34749259?adults=1&check_in=2022-11-02&check_out=2022-11-03&previous_page_section_name=1000&federated_search_id=c2e7d342-fb10-49bb-ba17-182fc1c42125,"Coconut Waikiki Hotel, City View Two Doubles",4 guests Â·  Â· 1 bedroom Â·  Â· 2 beds Â·  Â· 1 bath,$241Â CAD,4.26
36,https://www.airbnb.ca/rooms/550698815747997704?adults=1&check_in=2022-11-02&check_out=2022-11-03&previous_page_section_name=1000&federated_search_id=c2e7d342-fb10-49bb-ba17-182fc1c42125,#27th Floor Waikiki Studio w/ Great Ocean View,2 guests Â·  Â· Studio Â·  Â· 1 bed Â·  Â· 1 bath,$346Â CAD,4.65
37,https://www.airbnb.ca/rooms/36336712?adults=1&check_in=2022-11-02&check_out=2022-11-03&previous_page_section_name=1000&federated_search_id=c2e7d342-fb10-49bb-ba17-182fc1c42125,"Hotel LaCroix, Silver King",2 guests Â·  Â· 1 bedroom Â·  Â· 1 bed Â·  Â· 1 bath,$281Â CAD,4.36
38,https://www.airbnb.ca/rooms/48666313?adults=1&check_in=2022-11-02&check_out=2022-11-03&previous_page_section_name=1000&federated_search_id=c2e7d342-fb10-49bb-ba17-182fc1c42125,29th floor ocean view Waikiki Hawaiian Monarch,2 guests Â·  Â· Studio Â·  Â· 1 bed Â·  Â· 1 bath,$291Â CAD,4.84
39,https://www.airbnb.ca/rooms/40064993?adults=1&check_in=2022-11-02&check_out=2022-11-03&previous_page_section_name=1000&federated_search_id=c2e7d342-fb10-49bb-ba17-182fc1c42125,Mountain View Studio with Full Kitchen(Legal),2 guests Â·  Â· Studio Â·  Â· 1 bed Â·  Â· 1 bath,$335Â CAD,4.64
40,https://www.airbnb.ca/rooms/50447160?adults=1&check_in=2022-11-02&check_out=2022-11-03&previous_page_section_name=1000&federated_search_id=c2e7d342-fb10-49bb-ba17-182fc1c42125,Partial Ocean Viewâ™ª 1 Block from Waikiki Beach,3 guests Â·  Â· Studio Â·  Â· 1 bed Â·  Â· 1 bath,$353Â CAD,4.95
41,https://www.airbnb.ca/rooms/27589791?adults=1&check_in=2022-11-02&check_out=2022-11-03&previous_page_section_name=1000&federated_search_id=e406fff7-7c3d-4a02-9474-84200b95bdb2,Hale in Paradise Rainbow view,2 guests Â·  Â· Studio Â·  Â· 1 bed Â·  Â· 1 bath,$313Â CAD,4.61
42,https://www.airbnb.ca/rooms/643662215063140676?adults=1&check_in=2022-11-02&check_out=2022-11-03&previous_page_section_name=1000&federated_search_id=e406fff7-7c3d-4a02-9474-84200b95bdb2,"Stylish, Newly Renovated Condo Near Waikiki Beach!",3 guests Â·  Â· 1 bedroom Â·  Â· 2 beds Â·  Â· 1 bath,$531Â CAD,4.77
43,https://www.airbnb.ca/rooms/43237567?adults=1&check_in=2022-11-02&check_out=2022-11-03&previous_page_section_name=1000&federated_search_id=e406fff7-7c3d-4a02-9474-84200b95bdb2,Waikiki Partial Ocean Suite Kitchen 1 Queen Bed,2 guests Â·  Â· 1 bedroom Â·  Â· 2 beds Â·  Â· 1 private bath,$289Â CAD,4.62
44,https://www.airbnb.ca/rooms/53974201?adults=1&check_in=2022-11-02&check_out=2022-11-03&previous_page_section_name=1000&federated_search_id=e406fff7-7c3d-4a02-9474-84200b95bdb2,West Waikiki bedroom w/ bathroom ã€Aã€‘,1 guest Â·  Â· 1 bedroom Â·  Â· 1 bed Â·  Â· 1 private bath,$291Â CAD,4.75
45,https://www.airbnb.ca/rooms/11555756?adults=1&check_in=2022-11-02&check_out=2022-11-03&previous_page_section_name=1000&federated_search_id=e406fff7-7c3d-4a02-9474-84200b95bdb2,"spacious,newly renovated,in waikiki",2 guests Â·  Â· 1 bedroom Â·  Â· 1 bed Â·  Â· 1 bath,$281Â CAD,4.55
46,https://www.airbnb.ca/rooms/47337776?adults=1&check_in=2022-11-02&check_out=2022-11-03&previous_page_section_name=1000&federated_search_id=e406fff7-7c3d-4a02-9474-84200b95bdb2,"WAIKIKI - 5min walk to beach w/pool, free parking",2 guests Â·  Â· Studio Â·  Â· 1 bed Â·  Â· 1 bath,$398Â CAD,4.91
47,https://www.airbnb.ca/rooms/700073867643945150?adults=1&check_in=2022-11-02&check_out=2022-11-03&previous_page_section_name=1000&federated_search_id=e406fff7-7c3d-4a02-9474-84200b95bdb2,Lovely Waikiki Studio with Park and Ocean View,2 guests Â·  Â· Studio Â·  Â· 1 bed Â·  Â· 1 bath,$337Â CAD,4.75
48,https://www.airbnb.ca/rooms/621458274810969087?adults=1&check_in=2022-11-02&check_out=2022-11-03&previous_page_section_name=1000&federated_search_id=e406fff7-7c3d-4a02-9474-84200b95bdb2,*23rd FLR!Skyline King Studio w/ Ocean Views!,3 guests Â·  Â· Studio Â·  Â· 2 beds Â·  Â· 1 bath,$446Â CAD,5.0 
49,https://www.airbnb.ca/rooms/50751528?adults=1&check_in=2022-11-02&check_out=2022-11-03&previous_page_section_name=1000&federated_search_id=e406fff7-7c3d-4a02-9474-84200b95bdb2,2bed/2Bath Ocean View with parking. Waikiki,5 guests Â·  Â· 2 bedrooms Â·  Â· 2 beds Â·  Â· 2 baths,$575Â CAD,New
50,https://www.airbnb.ca/rooms/54265596?adults=1&check_in=2022-11-02&check_out=2022-11-03&previous_page_section_name=1000&federated_search_id=e406fff7-7c3d-4a02-9474-84200b95bdb2,Deluxe 2 Double Beds at The Equus,4 guests Â·  Â· 1 bedroom Â·  Â· 2 beds Â·  Â· 1 private bath,$218Â CAD,4.84
51,https://www.airbnb.ca/rooms/679122182963357395?adults=1&check_in=2022-11-02&check_out=2022-11-03&previous_page_section_name=1000&federated_search_id=e406fff7-7c3d-4a02-9474-84200b95bdb2,Calm and Cozy Studio in the Center of Waikiki!!,3 guests Â·  Â· Studio Â·  Â· 2 beds Â·  Â· 1 bath,$507Â CAD,4.86
52,https://www.airbnb.ca/rooms/48493621?adults=1&check_in=2022-11-02&check_out=2022-11-03&previous_page_section_name=1000&federated_search_id=e406fff7-7c3d-4a02-9474-84200b95bdb2,Ocean Retreats - #31st High Floor Studio,2 guests Â·  Â· Studio Â·  Â· 1 bed Â·  Â· 1 bath,$361Â CAD,4.64
53,https://www.airbnb.ca/rooms/26014922?adults=1&check_in=2022-11-02&check_out=2022-11-03&previous_page_section_name=1000&federated_search_id=e406fff7-7c3d-4a02-9474-84200b95bdb2,Elegant Waikiki Condo w/ Beautiful View and Pool,3 guests Â·  Â· Studio Â·  Â· 2 beds Â·  Â· 1 bath,$376Â CAD,4.87
54,https://www.airbnb.ca/rooms/50447160?adults=1&check_in=2022-11-02&check_out=2022-11-03&previous_page_section_name=1000&federated_search_id=e406fff7-7c3d-4a02-9474-84200b95bdb2,Partial Ocean Viewâ™ª 1 Block from Waikiki Beach,3 guests Â·  Â· Studio Â·  Â· 1 bed Â·  Â· 1 bath,$353Â CAD,4.95
55,https://www.airbnb.ca/rooms/17929539?adults=1&check_in=2022-11-02&check_out=2022-11-03&previous_page_section_name=1000&federated_search_id=e406fff7-7c3d-4a02-9474-84200b95bdb2,Excellent and Cozy Home in Waikiki,2 guests Â·  Â· 1 bedroom Â·  Â· 1 bed Â·  Â· 1 bath,$318Â CAD,4.59
56,https://www.airbnb.ca/rooms/595872659910570449?adults=1&check_in=2022-11-02&check_out=2022-11-03&previous_page_section_name=1000&federated_search_id=e406fff7-7c3d-4a02-9474-84200b95bdb2,Newly renovated King Studio Suite,3 guests Â·  Â· Studio Â·  Â· 1 bed Â·  Â· 1 private bath,$297Â CAD,4.66
57,https://www.airbnb.ca/rooms/53203950?adults=1&check_in=2022-11-02&check_out=2022-11-03&previous_page_section_name=1000&federated_search_id=e406fff7-7c3d-4a02-9474-84200b95bdb2,"Waikiki 1BR W/Kitchen, Max 4! Stay W/Family etc.",4 guests Â·  Â· 1 bedroom Â·  Â· 2 beds Â·  Â· 1 bath,$254Â CAD,4.0 
58,https://www.airbnb.ca/rooms/14452537?adults=1&check_in=2022-11-02&check_out=2022-11-03&previous_page_section_name=1000&federated_search_id=e406fff7-7c3d-4a02-9474-84200b95bdb2,Corner unit with a Full Kitchen!,3 guests Â·  Â· Studio Â·  Â· 1 bed Â·  Â· 1 bath,$296Â CAD,4.65
59,https://www.airbnb.ca/rooms/28233244?adults=1&check_in=2022-11-02&check_out=2022-11-03&previous_page_section_name=1000&federated_search_id=e406fff7-7c3d-4a02-9474-84200b95bdb2,"Elegant, Spacious Downtown Hideaway w/Parking",4 guests Â·  Â· 1 bedroom Â·  Â· 2 beds Â·  Â· 1 bath,$375Â CAD,4.88
60,https://www.airbnb.ca/rooms/51771202?adults=1&check_in=2022-11-02&check_out=2022-11-03&previous_page_section_name=1000&federated_search_id=e406fff7-7c3d-4a02-9474-84200b95bdb2,"NEWLY RENOVATED! - Breezy Studio, Heart of Waikiki",3 guests Â·  Â· 1 bedroom Â·  Â· 2 beds Â·  Â· 1 bath,$359Â CAD,4.96
61,https://www.airbnb.ca/rooms/49468022?adults=1&check_in=2022-11-02&check_out=2022-11-03&previous_page_section_name=1000&federated_search_id=d9ef7e5f-5c74-44dd-a33c-8d5bb10fdf3d,"Waikiki, High-rise  Ocean view &1  free parking",4 guests Â·  Â· Studio Â·  Â· 2 beds Â·  Â· 1 private bath,$487Â CAD,4.8 
62,https://www.airbnb.ca/rooms/595872659910570449?adults=1&check_in=2022-11-02&check_out=2022-11-03&previous_page_section_name=1000&federated_search_id=d9ef7e5f-5c74-44dd-a33c-8d5bb10fdf3d,Newly renovated King Studio Suite,3 guests Â·  Â· Studio Â·  Â· 1 bed Â·  Â· 1 private bath,$297Â CAD,4.66
63,https://www.airbnb.ca/rooms/47838034?adults=1&check_in=2022-11-02&check_out=2022-11-03&previous_page_section_name=1000&federated_search_id=d9ef7e5f-5c74-44dd-a33c-8d5bb10fdf3d,Lovely KingBed Studio WaikikiFREE assignedParking,2 guests Â·  Â· Studio Â·  Â· 1 bed Â·  Â· 1 bath,$385Â CAD,4.9 
64,https://www.airbnb.ca/rooms/43237129?adults=1&check_in=2022-11-02&check_out=2022-11-03&previous_page_section_name=1000&federated_search_id=d9ef7e5f-5c74-44dd-a33c-8d5bb10fdf3d,Waikiki Studio Kitchenette with 1 Queen Bed,2 guests Â·  Â· 1 bedroom Â·  Â· 2 beds Â·  Â· 1 private bath,$209Â CAD,3.56
65,https://www.airbnb.ca/rooms/13128168?adults=1&check_in=2022-11-02&check_out=2022-11-03&previous_page_section_name=1000&federated_search_id=d9ef7e5f-5c74-44dd-a33c-8d5bb10fdf3d,"Economy Room with an AC at North Shore, Haleiwa",2 guests Â·  Â· 1 bedroom Â·  Â· 1 bed Â·  Â· 1 shared bath,$272Â CAD,4.68
66,https://www.airbnb.ca/rooms/679122182963357395?adults=1&check_in=2022-11-02&check_out=2022-11-03&previous_page_section_name=1000&federated_search_id=d9ef7e5f-5c74-44dd-a33c-8d5bb10fdf3d,Calm and Cozy Studio in the Center of Waikiki!!,3 guests Â·  Â· Studio Â·  Â· 2 beds Â·  Â· 1 bath,$507Â CAD,4.86
67,https://www.airbnb.ca/rooms/510340660363628122?adults=1&check_in=2022-11-02&check_out=2022-11-03&previous_page_section_name=1000&federated_search_id=d9ef7e5f-5c74-44dd-a33c-8d5bb10fdf3d,Beautifully Modern and Clean Marine Surf Waikiki !,3 guests Â·  Â· Studio Â·  Â· 1 bath,$432Â CAD,4.75
68,https://www.airbnb.ca/rooms/14452537?adults=1&check_in=2022-11-02&check_out=2022-11-03&previous_page_section_name=1000&federated_search_id=d9ef7e5f-5c74-44dd-a33c-8d5bb10fdf3d,Corner unit with a Full Kitchen!,3 guests Â·  Â· Studio Â·  Â· 1 bed Â·  Â· 1 bath,$296Â CAD,4.65
69,https://www.airbnb.ca/rooms/26014922?adults=1&check_in=2022-11-02&check_out=2022-11-03&previous_page_section_name=1000&federated_search_id=d9ef7e5f-5c74-44dd-a33c-8d5bb10fdf3d,Elegant Waikiki Condo w/ Beautiful View and Pool,3 guests Â·  Â· Studio Â·  Â· 2 beds Â·  Â· 1 bath,$376Â CAD,4.87
70,https://www.airbnb.ca/rooms/18510539?adults=1&check_in=2022-11-02&check_out=2022-11-03&previous_page_section_name=1000&federated_search_id=d9ef7e5f-5c74-44dd-a33c-8d5bb10fdf3d,Oceanview Studio Waikiki Free Park Double Balcony,2 guests Â·  Â· Studio Â·  Â· 1 bed Â·  Â· 1 bath,$433Â CAD,4.87
71,https://www.airbnb.ca/rooms/39533085?adults=1&check_in=2022-11-02&check_out=2022-11-03&previous_page_section_name=1000&federated_search_id=d9ef7e5f-5c74-44dd-a33c-8d5bb10fdf3d,Platinum Skyline Penthouse - Newly Renovated,2 guests Â·  Â· 1 bedroom Â·  Â· 1 bed Â·  Â· 1 bath,$362Â CAD,4.23
72,https://www.airbnb.ca/rooms/703111793975318877?adults=1&check_in=2022-11-02&check_out=2022-11-03&previous_page_section_name=1000&federated_search_id=d9ef7e5f-5c74-44dd-a33c-8d5bb10fdf3d,Lovely Studio with Park Views @ The Palms Waikiki,2 guests Â·  Â· Studio Â·  Â· 1 bed Â·  Â· 1 bath,$449Â CAD,5.0 
73,https://www.airbnb.ca/rooms/34749285?adults=1&check_in=2022-11-02&check_out=2022-11-03&previous_page_section_name=1000&federated_search_id=d9ef7e5f-5c74-44dd-a33c-8d5bb10fdf3d,"Coconut Waikiki Hotel, City View King",2 guests Â·  Â· 1 bedroom Â·  Â· 1 bed Â·  Â· 1 bath,$274Â CAD,4.64
74,https://www.airbnb.ca/rooms/640912332303803070?adults=1&check_in=2022-11-02&check_out=2022-11-03&previous_page_section_name=1000&federated_search_id=d9ef7e5f-5c74-44dd-a33c-8d5bb10fdf3d,Central Waikiki 400sf condo close to everything,4 guests Â·  Â· Studio Â·  Â· 2 beds Â·  Â· 1 bath,$450Â CAD,4.74
75,https://www.airbnb.ca/rooms/631429920219322615?adults=1&check_in=2022-11-02&check_out=2022-11-03&previous_page_section_name=1000&federated_search_id=d9ef7e5f-5c74-44dd-a33c-8d5bb10fdf3d,In the Heart Of WaikikiğŸNewly Renovated Studio!!,2 guests Â·  Â· Studio Â·  Â· 2 beds Â·  Â· 1 bath,$398Â CAD,4.64
76,https://www.airbnb.ca/rooms/49772787?adults=1&check_in=2022-11-02&check_out=2022-11-03&previous_page_section_name=1000&federated_search_id=d9ef7e5f-5c74-44dd-a33c-8d5bb10fdf3d,Hale Ita - our tiny home right near the beach!,2 guests Â·  Â· 1 bedroom Â·  Â· 1 bed Â·  Â· 1 bath,$391Â CAD,4.93
77,https://www.airbnb.ca/rooms/34004089?adults=1&check_in=2022-11-02&check_out=2022-11-03&previous_page_section_name=1000&federated_search_id=d9ef7e5f-5c74-44dd-a33c-8d5bb10fdf3d,**5 min to Waikiki Beach**King Size Bed**,2 guests Â·  Â· Studio Â·  Â· 1 bed Â·  Â· 1 bath,$362Â CAD,4.88
78,https://www.airbnb.ca/rooms/743233390251950049?adults=1&check_in=2022-11-02&check_out=2022-11-03&previous_page_section_name=1000&federated_search_id=d9ef7e5f-5c74-44dd-a33c-8d5bb10fdf3d,Close to the beach Villa with free parking 3,4 guests Â·  Â· 1 bedroom Â·  Â· 2 beds Â·  Â· 1 private bath,$404Â CAD,New
79,https://www.airbnb.ca/rooms/50520812?adults=1&check_in=2022-11-02&check_out=2022-11-03&previous_page_section_name=1000&federated_search_id=d9ef7e5f-5c74-44dd-a33c-8d5bb10fdf3d,Partial Ocean Viewâ™ª 1 Block from Waikiki Beach,3 guests Â·  Â· Studio Â·  Â· 1 bed Â·  Â· 1 bath,$335Â CAD,4.7 
80,https://www.airbnb.ca/rooms/42611967?adults=1&check_in=2022-11-02&check_out=2022-11-03&previous_page_section_name=1000&federated_search_id=d9ef7e5f-5c74-44dd-a33c-8d5bb10fdf3d,Rare Waikiki 31st High Floor Corner Studio,2 guests Â·  Â· Studio Â·  Â· 1 bed Â·  Â· 1 bath,$370Â CAD,4.53
81,https://www.airbnb.ca/rooms/595872659910570449?adults=1&check_in=2022-11-02&check_out=2022-11-03&previous_page_section_name=1000&federated_search_id=f414db89-254d-44b6-a1c9-4665e227a0b4,Newly renovated King Studio Suite,3 guests Â·  Â· Studio Â·  Â· 1 bed Â·  Â· 1 private bath,$297Â CAD,4.66
82,https://www.airbnb.ca/rooms/726095078457357328?adults=1&check_in=2022-11-02&check_out=2022-11-03&previous_page_section_name=1000&federated_search_id=f414db89-254d-44b6-a1c9-4665e227a0b4,New Listing!  HighRise Ocean View W/Parking & Pool,5 guests Â·  Â· 1 bedroom Â·  Â· 3 beds Â·  Â· 1 bath,$603Â CAD,New
83,https://www.airbnb.ca/rooms/53265474?adults=1&check_in=2022-11-02&check_out=2022-11-03&previous_page_section_name=1000&federated_search_id=f414db89-254d-44b6-a1c9-4665e227a0b4,Nalu Malu 1 Bedroom @Waikiki Banyan 1 Free Parking,4 guests Â·  Â· 1 bedroom Â·  Â· 2 beds Â·  Â· 1 bath,$542Â CAD,4.94
84,https://www.airbnb.ca/rooms/598699132895948627?adults=1&check_in=2022-11-02&check_out=2022-11-03&previous_page_section_name=1000&federated_search_id=f414db89-254d-44b6-a1c9-4665e227a0b4,"Partial Ocean View, Full Bed with Balcony",2 guests Â·  Â· 1 bedroom Â·  Â· 1 bed Â·  Â· 1 private bath,$322Â CAD,New
85,https://www.airbnb.ca/rooms/43237813?adults=1&check_in=2022-11-02&check_out=2022-11-03&previous_page_section_name=1000&federated_search_id=f414db89-254d-44b6-a1c9-4665e227a0b4,Waikiki Ocean View Suite Kitchen with 1 Queen Bed,2 guests Â·  Â· 1 bedroom Â·  Â· 2 beds Â·  Â· 1 private bath,$306Â CAD,4.5 
86,https://www.airbnb.ca/rooms/556867306467789288?adults=1&check_in=2022-11-02&check_out=2022-11-03&previous_page_section_name=1000&federated_search_id=f414db89-254d-44b6-a1c9-4665e227a0b4,Free Parking & 32F A block Away from Waikiki Beach,4 guests Â·  Â· 1 bedroom Â·  Â· 1 bed Â·  Â· 1 bath,$564Â CAD,4.9 
87,https://www.airbnb.ca/rooms/47838034?adults=1&check_in=2022-11-02&check_out=2022-11-03&previous_page_section_name=1000&federated_search_id=f414db89-254d-44b6-a1c9-4665e227a0b4,Lovely KingBed Studio WaikikiFREE assignedParking,2 guests Â·  Â· Studio Â·  Â· 1 bed Â·  Â· 1 bath,$385Â CAD,4.9 
88,https://www.airbnb.ca/rooms/28233244?adults=1&check_in=2022-11-02&check_out=2022-11-03&previous_page_section_name=1000&federated_search_id=f414db89-254d-44b6-a1c9-4665e227a0b4,"Elegant, Spacious Downtown Hideaway w/Parking",4 guests Â·  Â· 1 bedroom Â·  Â· 2 beds Â·  Â· 1 bath,$375Â CAD,4.88
89,https://www.airbnb.ca/rooms/15677743?adults=1&check_in=2022-11-02&check_out=2022-11-03&previous_page_section_name=1000&federated_search_id=f414db89-254d-44b6-a1c9-4665e227a0b4,Marina Oasis  Full Kitchen/Laundry/Parking Options,4 guests Â·  Â· Studio Â·  Â· 2 beds Â·  Â· 1 bath,$380Â CAD,4.62
90,https://www.airbnb.ca/rooms/42291844?adults=1&check_in=2022-11-02&check_out=2022-11-03&previous_page_section_name=1000&federated_search_id=f414db89-254d-44b6-a1c9-4665e227a0b4,Panoramic Waikiki Oceanviews from 36th floor !!,2 guests Â·  Â· Studio Â·  Â· 1 bed Â·  Â· 1 bath,$381Â CAD,4.78
91,https://www.airbnb.ca/rooms/34749905?adults=1&check_in=2022-11-02&check_out=2022-11-03&previous_page_section_name=1000&federated_search_id=f414db89-254d-44b6-a1c9-4665e227a0b4,"Shoreline Hotel Waikiki, One King Bed",2 guests Â·  Â· 1 bedroom Â·  Â· 1 bed Â·  Â· 1 private bath,$322Â CAD,4.0 
92,https://www.airbnb.ca/rooms/48493621?adults=1&check_in=2022-11-02&check_out=2022-11-03&previous_page_section_name=1000&federated_search_id=f414db89-254d-44b6-a1c9-4665e227a0b4,Ocean Retreats - #31st High Floor Studio,2 guests Â·  Â· Studio Â·  Â· 1 bed Â·  Â· 1 bath,$361Â CAD,4.64
93,https://www.airbnb.ca/rooms/27589791?adults=1&check_in=2022-11-02&check_out=2022-11-03&previous_page_section_name=1000&federated_search_id=f414db89-254d-44b6-a1c9-4665e227a0b4,Hale in Paradise Rainbow view,2 guests Â·  Â· Studio Â·  Â· 1 bed Â·  Â· 1 bath,$313Â CAD,4.61
94,https://www.airbnb.ca/rooms/20970621?adults=1&check_in=2022-11-02&check_out=2022-11-03&previous_page_section_name=1000&federated_search_id=f414db89-254d-44b6-a1c9-4665e227a0b4,Ocean view !! The  best location in waikiki!,2 guests Â·  Â· Studio Â·  Â· 2 beds Â·  Â· 1 bath,$266Â CAD,4.63
95,https://www.airbnb.ca/rooms/18510539?adults=1&check_in=2022-11-02&check_out=2022-11-03&previous_page_section_name=1000&federated_search_id=f414db89-254d-44b6-a1c9-4665e227a0b4,Oceanview Studio Waikiki Free Park Double Balcony,2 guests Â·  Â· Studio Â·  Â· 1 bed Â·  Â· 1 bath,$433Â CAD,4.87
96,https://www.airbnb.ca/rooms/53974649?adults=1&check_in=2022-11-02&check_out=2022-11-03&previous_page_section_name=1000&federated_search_id=f414db89-254d-44b6-a1c9-4665e227a0b4,West Waikiki bedroom w/ bathroomã€Bã€‘,1 guest Â·  Â· 1 bedroom Â·  Â· 1 bed Â·  Â· 1 private bath,$291Â CAD,4.89
97,https://www.airbnb.ca/rooms/628796923257224601?adults=1&check_in=2022-11-02&check_out=2022-11-03&previous_page_section_name=1000&federated_search_id=f414db89-254d-44b6-a1c9-4665e227a0b4,Waikiki Bamboo,4 guests Â·  Â· 1 bedroom Â·  Â· 1 bed Â·  Â· 1 bath,$425Â CAD,New
98,https://www.airbnb.ca/rooms/39533013?adults=1&check_in=2022-11-02&check_out=2022-11-03&previous_page_section_name=1000&federated_search_id=f414db89-254d-44b6-a1c9-4665e227a0b4,Gold Corner Studio,4 guests Â·  Â· 1 bedroom Â·  Â· 2 beds Â·  Â· 1 bath,$324Â CAD,4.21
99,https://www.airbnb.ca/rooms/50751946?adults=1&check_in=2022-11-02&check_out=2022-11-03&previous_page_section_name=1000&federated_search_id=f414db89-254d-44b6-a1c9-4665e227a0b4,3 Bedroom/3 Bath Ocean View with parking. Waikiki,7 guests Â·  Â· 3 bedrooms Â·  Â· 3 beds Â·  Â· 3 baths,$816Â CAD,4.58
100,https://www.airbnb.ca/rooms/17929539?adults=1&check_in=2022-11-02&check_out=2022-11-03&previous_page_section_name=1000&federated_search_id=f414db89-254d-44b6-a1c9-4665e227a0b4,Excellent and Cozy Home in Waikiki,2 guests Â·  Â· 1 bedroom Â·  Â· 1 bed Â·  Â· 1 bath,$318Â CAD,4.59
101,https://www.airbnb.ca/rooms/50897977?adults=1&check_in=2022-11-02&check_out=2022-11-03&previous_page_section_name=1000&federated_search_id=a8ebeb35-029c-4694-a9a2-6e5f0bf05086,"Pool View, 1 King Bed OR 2 Doubles",4 guests Â·  Â· Studio Â·  Â· 1 bed Â·  Â· 1 private bath,$322Â CAD,4.35
102,https://www.airbnb.ca/rooms/34794590?adults=1&check_in=2022-11-02&check_out=2022-11-03&previous_page_section_name=1000&federated_search_id=a8ebeb35-029c-4694-a9a2-6e5f0bf05086,A New Waikiki Studio Cozy Ocean Views Top Location,3 guests Â·  Â· Studio Â·  Â· 1 bed Â·  Â· 1 bath,$348Â CAD,4.75
103,https://www.airbnb.ca/rooms/9481192?adults=1&check_in=2022-11-02&check_out=2022-11-03&previous_page_section_name=1000&federated_search_id=a8ebeb35-029c-4694-a9a2-6e5f0bf05086,the whole ocean view with a free parking and wifi,4 guests Â·  Â· 1 bedroom Â·  Â· 2 beds Â·  Â· 1 bath,$453Â CAD,4.78
104,https://www.airbnb.ca/rooms/49255448?adults=1&check_in=2022-11-02&check_out=2022-11-03&previous_page_section_name=1000&federated_search_id=a8ebeb35-029c-4694-a9a2-6e5f0bf05086,â¤ï¸AWESOME STUDIOSâ¤ï¸  5min to ğŸ„â€â™€ï¸ğŸŠâ€â™€ï¸ğŸ–ğŸ ğŸ‹ğŸ¦ˆFREE ğŸš™ğŸ…¿ï¸ 250mbps+ğŸ’»,4 guests Â·  Â· Studio Â·  Â· 2 beds Â·  Â· 1 bath,$441Â CAD,4.64
105,https://www.airbnb.ca/rooms/742127738838623518?adults=1&check_in=2022-11-02&check_out=2022-11-03&previous_page_section_name=1000&federated_search_id=a8ebeb35-029c-4694-a9a2-6e5f0bf05086,Rare 2BR/2BA *Near Waikiki Beach + Free Parking!,9 guests Â·  Â· 2 bedrooms Â·  Â· 6 beds Â·  Â· 2 baths,"$1,590Â CAD",New
106,https://www.airbnb.ca/rooms/715349894528091708?adults=1&check_in=2022-11-02&check_out=2022-11-03&previous_page_section_name=1000&federated_search_id=a8ebeb35-029c-4694-a9a2-6e5f0bf05086,HoÊ»omaha 1 bedroom Suite + 1 Free Parking,4 guests Â·  Â· 1 bedroom Â·  Â· 2 beds Â·  Â· 1 bath,$523Â CAD,New
107,https://www.airbnb.ca/rooms/712026627390385177?adults=1&check_in=2022-11-02&check_out=2022-11-03&previous_page_section_name=1000&federated_search_id=a8ebeb35-029c-4694-a9a2-6e5f0bf05086,Condo in Waikiki,2 guests Â·  Â· Studio Â·  Â· 1 bed Â·  Â· 1 bath,$412Â CAD,5.0 
108,https://www.airbnb.ca/rooms/50570430?adults=1&check_in=2022-11-02&check_out=2022-11-03&previous_page_section_name=1000&federated_search_id=a8ebeb35-029c-4694-a9a2-6e5f0bf05086,"Newly renovated island Studio, 1 block from beach!",3 guests Â·  Â· Studio Â·  Â· 2 beds Â·  Â· 1 bath,$492Â CAD,4.88
109,https://www.airbnb.ca/rooms/628301456286547856?adults=1&check_in=2022-11-02&check_out=2022-11-03&previous_page_section_name=1000&federated_search_id=a8ebeb35-029c-4694-a9a2-6e5f0bf05086,Luana at Waikiki with ocean and park view,4 guests Â·  Â· 1 bedroom Â·  Â· 2 beds Â·  Â· 1 private bath,$459Â CAD,4.9 
110,https://www.airbnb.ca/rooms/43237813?adults=1&check_in=2022-11-02&check_out=2022-11-03&previous_page_section_name=1000&federated_search_id=a8ebeb35-029c-4694-a9a2-6e5f0bf05086,Waikiki Ocean View Suite Kitchen with 1 Queen Bed,2 guests Â·  Â· 1 bedroom Â·  Â· 2 beds Â·  Â· 1 private bath,$306Â CAD,4.5 
111,https://www.airbnb.ca/rooms/48232670?adults=1&check_in=2022-11-02&check_out=2022-11-03&previous_page_section_name=1000&federated_search_id=a8ebeb35-029c-4694-a9a2-6e5f0bf05086,**Special Rates - Just 5 min to Waikiki Beach**,2 guests Â·  Â· Studio Â·  Â· 1 bed Â·  Â· 1 bath,$335Â CAD,4.61
112,https://www.airbnb.ca/rooms/34749259?adults=1&check_in=2022-11-02&check_out=2022-11-03&previous_page_section_name=1000&federated_search_id=a8ebeb35-029c-4694-a9a2-6e5f0bf05086,"Coconut Waikiki Hotel, City View Two Doubles",4 guests Â·  Â· 1 bedroom Â·  Â· 2 beds Â·  Â· 1 bath,$241Â CAD,4.26
113,https://www.airbnb.ca/rooms/43405708?adults=1&check_in=2022-11-02&check_out=2022-11-03&previous_page_section_name=1000&federated_search_id=a8ebeb35-029c-4694-a9a2-6e5f0bf05086,2019 Full Renovation Shopping Center 2min walk! Waikiki Center,2 guests Â·  Â· 1 bedroom Â·  Â· 1 bed Â·  Â· 1 bath,$368Â CAD,4.41
114,https://www.airbnb.ca/rooms/604452166527277906?adults=1&check_in=2022-11-02&check_out=2022-11-03&previous_page_section_name=1000&federated_search_id=a8ebeb35-029c-4694-a9a2-6e5f0bf05086,Close to the beach Villa 2 with free parking.,4 guests Â·  Â· 2 bedrooms Â·  Â· 2 beds Â·  Â· 1 bath,$623Â CAD,New
115,https://www.airbnb.ca/rooms/51088363?adults=1&check_in=2022-11-02&check_out=2022-11-03&previous_page_section_name=1000&federated_search_id=a8ebeb35-029c-4694-a9a2-6e5f0bf05086,ğŸ Waikiki Beach Ocean Views,5 guests Â·  Â· 1 bedroom Â·  Â· 2 beds Â·  Â· 1 bath,$670Â CAD,4.86
116,https://www.airbnb.ca/rooms/45775691?adults=1&check_in=2022-11-02&check_out=2022-11-03&previous_page_section_name=1000&federated_search_id=a8ebeb35-029c-4694-a9a2-6e5f0bf05086,Waikiki 2B1B Condo with Good view & free parking,6 guests Â·  Â· 2 bedrooms Â·  Â· 4 beds Â·  Â· 1 bath,$658Â CAD,4.48
117,https://www.airbnb.ca/rooms/595900442832317649?adults=1&check_in=2022-11-02&check_out=2022-11-03&previous_page_section_name=1000&federated_search_id=a8ebeb35-029c-4694-a9a2-6e5f0bf05086,Newly Renovated! Extraordinary Studio Near Beach!*,4 guests Â·  Â· Studio Â·  Â· 1 bed Â·  Â· 1 bath,$572Â CAD,4.96
118,https://www.airbnb.ca/rooms/47136629?adults=1&check_in=2022-11-02&check_out=2022-11-03&previous_page_section_name=1000&federated_search_id=a8ebeb35-029c-4694-a9a2-6e5f0bf05086,PANORAMIC OCEANVIEW ON HIGH FLOOR STEPS FROM BEACH,4 guests Â·  Â· Studio Â·  Â· 2 beds Â·  Â· 1 bath,$516Â CAD,4.87
119,https://www.airbnb.ca/rooms/51866618?adults=1&check_in=2022-11-02&check_out=2022-11-03&previous_page_section_name=1000&federated_search_id=a8ebeb35-029c-4694-a9a2-6e5f0bf05086,*Cute 1 bedroom in West Waikiki*,2 guests Â·  Â· 1 bedroom Â·  Â· 1 bed Â·  Â· 1 bath,$325Â CAD,4.72
120,https://www.airbnb.ca/rooms/739092544072492119?adults=1&check_in=2022-11-02&check_out=2022-11-03&previous_page_section_name=1000&federated_search_id=a8ebeb35-029c-4694-a9a2-6e5f0bf05086,Aloha Campervan,2 guests Â·  Â· 1 bedroom Â·  Â· 1 bed,$187Â CAD,New
121,https://www.airbnb.ca/rooms/49134397?adults=1&check_in=2022-11-02&check_out=2022-11-03&previous_page_section_name=1000&federated_search_id=38988767-9efc-47b0-91a3-56a7e24882da,2 min walk to Waikiki BeachğŸ Most Popular Location,2 guests Â·  Â· Studio Â·  Â· 1 bed Â·  Â· 1 bath,$377Â CAD,4.77
122,https://www.airbnb.ca/rooms/16518348?adults=1&check_in=2022-11-02&check_out=2022-11-03&previous_page_section_name=1000&federated_search_id=38988767-9efc-47b0-91a3-56a7e24882da,View!! FREE on-site PARKING Waikiki Studio ğŸŒˆ*æ—¥æœ¬èª*,2 guests Â·  Â· Studio Â·  Â· 1 bed Â·  Â· 1 bath,$453Â CAD,4.87
123,https://www.airbnb.ca/rooms/37535565?adults=1&check_in=2022-11-02&check_out=2022-11-03&previous_page_section_name=1000&federated_search_id=38988767-9efc-47b0-91a3-56a7e24882da,Modern Magic and steps to Waikiki Beach Water,2 guests Â·  Â· Studio Â·  Â· 1 bed Â·  Â· 1 bath,$452Â CAD,4.74
124,https://www.airbnb.ca/rooms/46839098?adults=1&check_in=2022-11-02&check_out=2022-11-03&previous_page_section_name=1000&federated_search_id=38988767-9efc-47b0-91a3-56a7e24882da,Alanui Adventures Camping  (EASY set up/SPACIOUS),2 guests Â·  Â· 1 bedroom Â·  Â· 1 bed Â·  Â· 0 baths,$321Â CAD,4.93
125,https://www.airbnb.ca/rooms/547455486546838612?adults=1&check_in=2022-11-02&check_out=2022-11-03&previous_page_section_name=1000&federated_search_id=38988767-9efc-47b0-91a3-56a7e24882da,ğŸŒ´WAIKIKI AMAZING SUNRISE-Legal RentalğŸŒ´,2 guests Â·  Â· Studio Â·  Â· 1 bed Â·  Â· 1 bath,$399Â CAD,4.8 
126,https://www.airbnb.ca/rooms/53265474?adults=1&check_in=2022-11-02&check_out=2022-11-03&previous_page_section_name=1000&federated_search_id=38988767-9efc-47b0-91a3-56a7e24882da,Nalu Malu 1 Bedroom @Waikiki Banyan 1 Free Parking,4 guests Â·  Â· 1 bedroom Â·  Â· 2 beds Â·  Â· 1 bath,$542Â CAD,4.94
127,https://www.airbnb.ca/rooms/734950656907748097?adults=1&check_in=2022-11-02&check_out=2022-11-03&previous_page_section_name=1000&federated_search_id=38988767-9efc-47b0-91a3-56a7e24882da,33rd FL Ocean and Diamond Head View | Free Parking,4 guests Â·  Â· 1 bedroom Â·  Â· 2 beds Â·  Â· 1 bath,$728Â CAD,New
128,https://www.airbnb.ca/rooms/51962056?adults=1&check_in=2022-11-02&check_out=2022-11-03&previous_page_section_name=1000&federated_search_id=38988767-9efc-47b0-91a3-56a7e24882da,âœ¨ Standard Room with 2 Double Beds at  Waikiki beach,4 guests Â·  Â· 1 bedroom Â·  Â· 2 beds Â·  Â· 1 bath,$324Â CAD,4.58
129,https://www.airbnb.ca/rooms/547475938534382212?adults=1&check_in=2022-11-02&check_out=2022-11-03&previous_page_section_name=1000&federated_search_id=38988767-9efc-47b0-91a3-56a7e24882da,ğŸ³WAIKIKI HAWAIIAN OASIS-Legal RentalğŸ³,2 guests Â·  Â· Studio Â·  Â· 1 bed Â·  Â· 1 bath,$414Â CAD,4.75
130,https://www.airbnb.ca/rooms/740765032376041643?adults=1&check_in=2022-11-02&check_out=2022-11-03&previous_page_section_name=1000&federated_search_id=38988767-9efc-47b0-91a3-56a7e24882da,17th fl. Ocean Views | Ilikai Marina | Wi-Fi & AC,3 guests Â·  Â· 1 bedroom Â·  Â· 2 beds Â·  Â· 1 bath,$685Â CAD,New
131,https://www.airbnb.ca/rooms/53450221?adults=1&check_in=2022-11-02&check_out=2022-11-03&previous_page_section_name=1000&federated_search_id=38988767-9efc-47b0-91a3-56a7e24882da,Newly renovated Condo Center of Waikiki Near Beach,4 guests Â·  Â· Studio Â·  Â· 2 beds Â·  Â· 1 bath,$523Â CAD,4.74
132,https://www.airbnb.ca/rooms/27532744?adults=1&check_in=2022-11-02&check_out=2022-11-03&previous_page_section_name=1000&federated_search_id=38988767-9efc-47b0-91a3-56a7e24882da,"Waikiki, Free Parking, 20th flr, ocean/city views",4 guests Â·  Â· Studio Â·  Â· 2 beds Â·  Â· 1 private bath,$408Â CAD,4.63
133,https://www.airbnb.ca/rooms/675492569372274587?adults=1&check_in=2022-11-02&check_out=2022-11-03&previous_page_section_name=1000&federated_search_id=38988767-9efc-47b0-91a3-56a7e24882da,*Ocean View Studio* Island Colony by HOC realty,4 guests Â·  Â· Studio Â·  Â· 2 beds Â·  Â· 1 bath,$478Â CAD,5.0 
134,https://www.airbnb.ca/rooms/559014008550904162?adults=1&check_in=2022-11-02&check_out=2022-11-03&previous_page_section_name=1000&federated_search_id=38988767-9efc-47b0-91a3-56a7e24882da,Spacious Condo Central of Waikiki Near Beach!,4 guests Â·  Â· Studio Â·  Â· 2 beds Â·  Â· 1 bath,$523Â CAD,4.9 
135,https://www.airbnb.ca/rooms/36336712?adults=1&check_in=2022-11-02&check_out=2022-11-03&previous_page_section_name=1000&federated_search_id=38988767-9efc-47b0-91a3-56a7e24882da,"Hotel LaCroix, Silver King",2 guests Â·  Â· 1 bedroom Â·  Â· 1 bed Â·  Â· 1 bath,$281Â CAD,4.36
136,https://www.airbnb.ca/rooms/556867306467789288?adults=1&check_in=2022-11-02&check_out=2022-11-03&previous_page_section_name=1000&federated_search_id=38988767-9efc-47b0-91a3-56a7e24882da,Free Parking & 32F A block Away from Waikiki Beach,4 guests Â·  Â· 1 bedroom Â·  Â· 1 bed Â·  Â· 1 bath,$564Â CAD,4.9 
137,https://www.airbnb.ca/rooms/595900442832317649?adults=1&check_in=2022-11-02&check_out=2022-11-03&previous_page_section_name=1000&federated_search_id=38988767-9efc-47b0-91a3-56a7e24882da,Newly Renovated! Extraordinary Studio Near Beach!*,4 guests Â·  Â· Studio Â·  Â· 1 bed Â·  Â· 1 bath,$572Â CAD,4.96
138,https://www.airbnb.ca/rooms/628796923257224601?adults=1&check_in=2022-11-02&check_out=2022-11-03&previous_page_section_name=1000&federated_search_id=38988767-9efc-47b0-91a3-56a7e24882da,Waikiki Bamboo,4 guests Â·  Â· 1 bedroom Â·  Â· 1 bed Â·  Â· 1 bath,$425Â CAD,New
139,https://www.airbnb.ca/rooms/628301456286547856?adults=1&check_in=2022-11-02&check_out=2022-11-03&previous_page_section_name=1000&federated_search_id=38988767-9efc-47b0-91a3-56a7e24882da,Luana at Waikiki with ocean and park view,4 guests Â·  Â· 1 bedroom Â·  Â· 2 beds Â·  Â· 1 private bath,$459Â CAD,4.9 
140,https://www.airbnb.ca/rooms/44108595?adults=1&check_in=2022-11-02&check_out=2022-11-03&previous_page_section_name=1000&federated_search_id=38988767-9efc-47b0-91a3-56a7e24882da,ğŸ„â€â™€ï¸ BEST WAIKIKI BEACH~OCEAN VIEWS~Legal Rental,2 guests Â·  Â· Studio Â·  Â· 1 bed Â·  Â· 1 bath,$407Â CAD,4.91
141,https://www.airbnb.ca/rooms/51866618?adults=1&check_in=2022-11-02&check_out=2022-11-03&previous_page_section_name=1000&federated_search_id=0c88ec1c-1647-4384-b101-9bfa4b94ec4a,*Cute 1 bedroom in West Waikiki*,2 guests Â·  Â· 1 bedroom Â·  Â· 1 bed Â·  Â· 1 bath,$325Â CAD,4.72
142,https://www.airbnb.ca/rooms/24874873?adults=1&check_in=2022-11-02&check_out=2022-11-03&previous_page_section_name=1000&federated_search_id=0c88ec1c-1647-4384-b101-9bfa4b94ec4a,"Waikiki Sunset 31st Floor,  Free Parking",6 guests Â·  Â· 1 bedroom Â·  Â· 3 beds Â·  Â· 1 bath,$664Â CAD,4.66
143,https://www.airbnb.ca/rooms/605075241169021058?adults=1&check_in=2022-11-02&check_out=2022-11-03&previous_page_section_name=1000&federated_search_id=0c88ec1c-1647-4384-b101-9bfa4b94ec4a,"Lovely 1-Bedroom at Ilikai Marina, Waikiki",6 guests Â·  Â· 1 bedroom Â·  Â· 4 beds Â·  Â· 1 bath,$425Â CAD,4.94
144,https://www.airbnb.ca/rooms/43237527?adults=1&check_in=2022-11-02&check_out=2022-11-03&previous_page_section_name=1000&federated_search_id=0c88ec1c-1647-4384-b101-9bfa4b94ec4a,Waikiki One Bedroom with Kitchen and 2 Twin Beds,2 guests Â·  Â· 1 bedroom Â·  Â· 3 beds Â·  Â· 1 private bath,$282Â CAD,4.17
145,https://www.airbnb.ca/rooms/50244032?adults=1&check_in=2022-11-02&check_out=2022-11-03&previous_page_section_name=1000&federated_search_id=0c88ec1c-1647-4384-b101-9bfa4b94ec4a,Waikiki Banyan Penthouse - Top Floor Ocean View,6 guests Â·  Â· 1 bedroom Â·  Â· 2 beds Â·  Â· 1 bath,$670Â CAD,4.91
146,https://www.airbnb.ca/rooms/53422613?adults=1&check_in=2022-11-02&check_out=2022-11-03&previous_page_section_name=1000&federated_search_id=0c88ec1c-1647-4384-b101-9bfa4b94ec4a,"NEW, plush condo steps to shop,eat &Waikiki beach",4 guests Â·  Â· 1 bedroom Â·  Â· 3 beds Â·  Â· 1 bath,$484Â CAD,4.75
147,https://www.airbnb.ca/rooms/643182091974399532?adults=1&check_in=2022-11-02&check_out=2022-11-03&previous_page_section_name=1000&federated_search_id=0c88ec1c-1647-4384-b101-9bfa4b94ec4a,Steps to Waikiki Beach- Ocean View- Free Parking,6 guests Â·  Â· 1 bedroom Â·  Â· 3 beds Â·  Â· 1 private bath,$578Â CAD,4.73
148,https://www.airbnb.ca/rooms/50795349?adults=1&check_in=2022-11-02&check_out=2022-11-03&previous_page_section_name=1000&federated_search_id=0c88ec1c-1647-4384-b101-9bfa4b94ec4a,Tacoma w/ Rooftent - Close to Honolulu Airport,2 guests Â·  Â· 1 bedroom Â·  Â· 0 baths,$226Â CAD,4.89
149,https://www.airbnb.ca/rooms/42177823?adults=1&check_in=2022-11-02&check_out=2022-11-03&previous_page_section_name=1000&federated_search_id=0c88ec1c-1647-4384-b101-9bfa4b94ec4a,Camp around with beautiful Caravan,2 guests,$215Â CAD,4.5 
150,https://www.airbnb.ca/rooms/43405708?adults=1&check_in=2022-11-02&check_out=2022-11-03&previous_page_section_name=1000&federated_search_id=0c88ec1c-1647-4384-b101-9bfa4b94ec4a,2019 Full Renovation Shopping Center 2min walk! Waikiki Center,2 guests Â·  Â· 1 bedroom Â·  Â· 1 bed Â·  Â· 1 bath,$368Â CAD,4.41
151,https://www.airbnb.ca/rooms/53450221?adults=1&check_in=2022-11-02&check_out=2022-11-03&previous_page_section_name=1000&federated_search_id=0c88ec1c-1647-4384-b101-9bfa4b94ec4a,Newly renovated Condo Center of Waikiki Near Beach,4 guests Â·  Â· Studio Â·  Â· 2 beds Â·  Â· 1 bath,$523Â CAD,4.74
152,https://www.airbnb.ca/rooms/547455486546838612?adults=1&check_in=2022-11-02&check_out=2022-11-03&previous_page_section_name=1000&federated_search_id=0c88ec1c-1647-4384-b101-9bfa4b94ec4a,ğŸŒ´WAIKIKI AMAZING SUNRISE-Legal RentalğŸŒ´,2 guests Â·  Â· Studio Â·  Â· 1 bed Â·  Â· 1 bath,$399Â CAD,4.8 
153,https://www.airbnb.ca/rooms/1802856?adults=1&check_in=2022-11-02&check_out=2022-11-03&previous_page_section_name=1000&federated_search_id=0c88ec1c-1647-4384-b101-9bfa4b94ec4a,ILIKAI 1734- Deluxe Studio w Lagoon and Ocean View,3 guests Â·  Â· Studio Â·  Â· 3 beds Â·  Â· 1 bath,$712Â CAD,4.68
154,https://www.airbnb.ca/rooms/547262530563127251?adults=1&check_in=2022-11-02&check_out=2022-11-03&previous_page_section_name=1000&federated_search_id=0c88ec1c-1647-4384-b101-9bfa4b94ec4a,ğŸŒˆ WAIKIKI RAINBOW SUNRISE- Legal RentalğŸŒˆ,2 guests Â·  Â· Studio Â·  Â· 1 bed Â·  Â· 1 bath,$374Â CAD,4.71
155,https://www.airbnb.ca/rooms/597259457677095125?adults=1&check_in=2022-11-02&check_out=2022-11-03&previous_page_section_name=1000&federated_search_id=0c88ec1c-1647-4384-b101-9bfa4b94ec4a,*Cozy Waikiki Gem!Newly Renovated Central Waikiki!,2 guests Â·  Â· Studio Â·  Â· 1 bed Â·  Â· 1 bath,$517Â CAD,4.88
156,https://www.airbnb.ca/rooms/628796923257224601?adults=1&check_in=2022-11-02&check_out=2022-11-03&previous_page_section_name=1000&federated_search_id=0c88ec1c-1647-4384-b101-9bfa4b94ec4a,Waikiki Bamboo,4 guests Â·  Â· 1 bedroom Â·  Â· 1 bed Â·  Â· 1 bath,$425Â CAD,New
157,https://www.airbnb.ca/rooms/687139513757710232?adults=1&check_in=2022-11-02&check_out=2022-11-03&previous_page_section_name=1000&federated_search_id=0c88ec1c-1647-4384-b101-9bfa4b94ec4a,36th Fl Ocean Views | Fully Remodeled | Parking,3 guests Â·  Â· 1 bedroom Â·  Â· 1 bed Â·  Â· 1 bath,$684Â CAD,4.8 
158,https://www.airbnb.ca/rooms/47838034?adults=1&check_in=2022-11-02&check_out=2022-11-03&previous_page_section_name=1000&federated_search_id=0c88ec1c-1647-4384-b101-9bfa4b94ec4a,Lovely KingBed Studio WaikikiFREE assignedParking,2 guests Â·  Â· Studio Â·  Â· 1 bed Â·  Â· 1 bath,$385Â CAD,4.9 
159,https://www.airbnb.ca/rooms/598699132895948627?adults=1&check_in=2022-11-02&check_out=2022-11-03&previous_page_section_name=1000&federated_search_id=0c88ec1c-1647-4384-b101-9bfa4b94ec4a,"Partial Ocean View, Full Bed with Balcony",2 guests Â·  Â· 1 bedroom Â·  Â· 1 bed Â·  Â· 1 private bath,$322Â CAD,New
160,https://www.airbnb.ca/rooms/50249652?adults=1&check_in=2022-11-02&check_out=2022-11-03&previous_page_section_name=1000&federated_search_id=0c88ec1c-1647-4384-b101-9bfa4b94ec4a,Newly Upgraded Studio with Parking,3 guests Â·  Â· Studio Â·  Â· 2 beds Â·  Â· 1 bath,$389Â CAD,4.83
161,https://www.airbnb.ca/rooms/15677743?adults=1&check_in=2022-11-02&check_out=2022-11-03&previous_page_section_name=1000&federated_search_id=4a4a5efd-5909-41b4-a220-4739d60dcf55,Marina Oasis  Full Kitchen/Laundry/Parking Options,4 guests Â·  Â· Studio Â·  Â· 2 beds Â·  Â· 1 bath,$380Â CAD,4.62
162,https://www.airbnb.ca/rooms/15823091?adults=1&check_in=2022-11-02&check_out=2022-11-03&previous_page_section_name=1000&federated_search_id=4a4a5efd-5909-41b4-a220-4739d60dcf55,Fantastic Diamond Head & Ocean Views,2 guests Â·  Â· 1 bedroom Â·  Â· 1 bed Â·  Â· 1 bath,$488Â CAD,4.75
163,https://www.airbnb.ca/rooms/47223457?adults=1&check_in=2022-11-02&check_out=2022-11-03&previous_page_section_name=1000&federated_search_id=4a4a5efd-5909-41b4-a220-4739d60dcf55,Marriott Ko Olina Studio  (Mtn View),4 guests Â·  Â· 1 bedroom Â·  Â· 1 bed Â·  Â· 1 bath,$651Â CAD,5.0 
164,https://www.airbnb.ca/rooms/49134397?adults=1&check_in=2022-11-02&check_out=2022-11-03&previous_page_section_name=1000&federated_search_id=4a4a5efd-5909-41b4-a220-4739d60dcf55,2 min walk to Waikiki BeachğŸ Most Popular Location,2 guests Â·  Â· Studio Â·  Â· 1 bed Â·  Â· 1 bath,$377Â CAD,4.77
165,https://www.airbnb.ca/rooms/51962056?adults=1&check_in=2022-11-02&check_out=2022-11-03&previous_page_section_name=1000&federated_search_id=4a4a5efd-5909-41b4-a220-4739d60dcf55,âœ¨ Standard Room with 2 Double Beds at  Waikiki beach,4 guests Â·  Â· 1 bedroom Â·  Â· 2 beds Â·  Â· 1 bath,$324Â CAD,4.58
166,https://www.airbnb.ca/rooms/22985062?adults=1&check_in=2022-11-02&check_out=2022-11-03&previous_page_section_name=1000&federated_search_id=4a4a5efd-5909-41b4-a220-4739d60dcf55,Manta Ray Suite @Waikiki Banyan (1 Free Parking),6 guests Â·  Â· 1 bedroom Â·  Â· 3 beds Â·  Â· 1 bath,$542Â CAD,4.78
167,https://www.airbnb.ca/rooms/724726002890538785?adults=1&check_in=2022-11-02&check_out=2022-11-03&previous_page_section_name=1000&federated_search_id=4a4a5efd-5909-41b4-a220-4739d60dcf55,37th FL | Beautiful Mountain View | Free Parking,2 guests Â·  Â· 1 bedroom Â·  Â· 1 bed Â·  Â· 1 bath,$562Â CAD,New
168,https://www.airbnb.ca/rooms/1802856?adults=1&check_in=2022-11-02&check_out=2022-11-03&previous_page_section_name=1000&federated_search_id=4a4a5efd-5909-41b4-a220-4739d60dcf55,ILIKAI 1734- Deluxe Studio w Lagoon and Ocean View,3 guests Â·  Â· Studio Â·  Â· 3 beds Â·  Â· 1 bath,$712Â CAD,4.68
169,https://www.airbnb.ca/rooms/687139513757710232?adults=1&check_in=2022-11-02&check_out=2022-11-03&previous_page_section_name=1000&federated_search_id=4a4a5efd-5909-41b4-a220-4739d60dcf55,36th Fl Ocean Views | Fully Remodeled | Parking,3 guests Â·  Â· 1 bedroom Â·  Â· 1 bed Â·  Â· 1 bath,$684Â CAD,4.8 
170,https://www.airbnb.ca/rooms/41960610?adults=1&check_in=2022-11-02&check_out=2022-11-03&previous_page_section_name=1000&federated_search_id=4a4a5efd-5909-41b4-a220-4739d60dcf55,Beautiful Studio | 15th Floor | Aloha Surf Waikiki,3 guests Â·  Â· Studio Â·  Â· 2 beds Â·  Â· 1 bath,$398Â CAD,4.81
171,https://www.airbnb.ca/rooms/671375602637305990?adults=1&check_in=2022-11-02&check_out=2022-11-03&previous_page_section_name=1000&federated_search_id=4a4a5efd-5909-41b4-a220-4739d60dcf55,*Newly Renovated Studio King Suite~Central Waikik!,3 guests Â·  Â· Studio Â·  Â· 2 beds Â·  Â· 1 bath,$517Â CAD,4.89
172,https://www.airbnb.ca/rooms/616890379852307855?adults=1&check_in=2022-11-02&check_out=2022-11-03&previous_page_section_name=1000&federated_search_id=4a4a5efd-5909-41b4-a220-4739d60dcf55,Panoramic OCEANVIEW ON HIGH FLOOR STEPS FROM BEACH,4 guests Â·  Â· Studio Â·  Â· 2 beds Â·  Â· 1 bath,$552Â CAD,4.87
173,https://www.airbnb.ca/rooms/598699132895948627?adults=1&check_in=2022-11-02&check_out=2022-11-03&previous_page_section_name=1000&federated_search_id=4a4a5efd-5909-41b4-a220-4739d60dcf55,"Partial Ocean View, Full Bed with Balcony",2 guests Â·  Â· 1 bedroom Â·  Â· 1 bed Â·  Â· 1 private bath,$322Â CAD,New
174,https://www.airbnb.ca/rooms/559014008550904162?adults=1&check_in=2022-11-02&check_out=2022-11-03&previous_page_section_name=1000&federated_search_id=4a4a5efd-5909-41b4-a220-4739d60dcf55,Spacious Condo Central of Waikiki Near Beach!,4 guests Â·  Â· Studio Â·  Â· 2 beds Â·  Â· 1 bath,$523Â CAD,4.9 
175,https://www.airbnb.ca/rooms/647164404246729911?adults=1&check_in=2022-11-02&check_out=2022-11-03&previous_page_section_name=1000&federated_search_id=4a4a5efd-5909-41b4-a220-4739d60dcf55,*New! Charming & Cozy 1BR Suite* Central Waikiki~,6 guests Â·  Â· 1 bedroom Â·  Â· 4 beds Â·  Â· 1 bath,$748Â CAD,5.0 
176,https://www.airbnb.ca/rooms/734853533510561564?adults=1&check_in=2022-11-02&check_out=2022-11-03&previous_page_section_name=1000&federated_search_id=4a4a5efd-5909-41b4-a220-4739d60dcf55,Retro 90s Japanese Camper on the North Shore!,4 guests Â·  Â· 1 bedroom Â·  Â· 2 beds Â·  Â· 1 bath,$283Â CAD,New
177,https://www.airbnb.ca/rooms/53450221?adults=1&check_in=2022-11-02&check_out=2022-11-03&previous_page_section_name=1000&federated_search_id=4a4a5efd-5909-41b4-a220-4739d60dcf55,Newly renovated Condo Center of Waikiki Near Beach,4 guests Â·  Â· Studio Â·  Â· 2 beds Â·  Â· 1 bath,$523Â CAD,4.74
178,https://www.airbnb.ca/rooms/46002318?adults=1&check_in=2022-11-02&check_out=2022-11-03&previous_page_section_name=1000&federated_search_id=4a4a5efd-5909-41b4-a220-4739d60dcf55,"Central area,Waikiki ! Comfort&Reasonable stayâ™ª",2 guests Â·  Â· Studio Â·  Â· 1 bed Â·  Â· 1 bath,$330Â CAD,4.42
179,https://www.airbnb.ca/rooms/553808903536290715?adults=1&check_in=2022-11-02&check_out=2022-11-03&previous_page_section_name=1000&federated_search_id=4a4a5efd-5909-41b4-a220-4739d60dcf55,Bedroom Suite,5 guests Â·  Â· 1 bedroom Â·  Â· 3 beds Â·  Â· 1 private bath,$322Â CAD,3.83
180,https://www.airbnb.ca/rooms/678759527904138249?adults=1&check_in=2022-11-02&check_out=2022-11-03&previous_page_section_name=1000&federated_search_id=4a4a5efd-5909-41b4-a220-4739d60dcf55,Private studio ï¼† FREE Parking near Hilton Lagoon,4 guests Â·  Â· 1 bedroom Â·  Â· 2 beds Â·  Â· 1 private bath,$353Â CAD,5.0 
181,https://www.airbnb.ca/rooms/527114582885694142?adults=1&check_in=2022-11-02&check_out=2022-11-03&previous_page_section_name=1000&federated_search_id=58193af9-b037-4ed9-87cc-6bacecad2e0b,2021 Brand New Mercedes Benz RV- your vanlife time,4 guests Â·  Â· 2 beds Â·  Â· Half-bath,$436Â CAD,4.75
182,https://www.airbnb.ca/rooms/669556765397471482?adults=1&check_in=2022-11-02&check_out=2022-11-03&previous_page_section_name=1000&federated_search_id=58193af9-b037-4ed9-87cc-6bacecad2e0b,Waikiki legal holiday home-Free parking,5 guests Â·  Â· 2 bedrooms Â·  Â· 2 beds Â·  Â· 1 bath,$484Â CAD,New
183,https://www.airbnb.ca/rooms/13564551?adults=1&check_in=2022-11-02&check_out=2022-11-03&previous_page_section_name=1000&federated_search_id=58193af9-b037-4ed9-87cc-6bacecad2e0b,"Best Value, Best Location! - KVII406A",2 guests Â·  Â· Studio Â·  Â· 1 bed Â·  Â· 1 bath,$344Â CAD,4.49
184,https://www.airbnb.ca/rooms/48922599?adults=1&check_in=2022-11-02&check_out=2022-11-03&previous_page_section_name=1000&federated_search_id=58193af9-b037-4ed9-87cc-6bacecad2e0b,Center of Waikiki-5 minutes to beach,2 guests Â·  Â· Studio Â·  Â· 1 bed Â·  Â· 1 bath,$318Â CAD,4.76
185,https://www.airbnb.ca/rooms/16518348?adults=1&check_in=2022-11-02&check_out=2022-11-03&previous_page_section_name=1000&federated_search_id=58193af9-b037-4ed9-87cc-6bacecad2e0b,View!! FREE on-site PARKING Waikiki Studio ğŸŒˆ*æ—¥æœ¬èª*,2 guests Â·  Â· Studio Â·  Â· 1 bed Â·  Â· 1 bath,$453Â CAD,4.87
186,https://www.airbnb.ca/rooms/14452537?adults=1&check_in=2022-11-02&check_out=2022-11-03&previous_page_section_name=1000&federated_search_id=58193af9-b037-4ed9-87cc-6bacecad2e0b,Corner unit with a Full Kitchen!,3 guests Â·  Â· Studio Â·  Â· 1 bed Â·  Â· 1 bath,$296Â CAD,4.65
187,https://www.airbnb.ca/rooms/656121456715280584?adults=1&check_in=2022-11-02&check_out=2022-11-03&previous_page_section_name=1000&federated_search_id=58193af9-b037-4ed9-87cc-6bacecad2e0b,"Waikiki legal holiday home,    Free parking",5 guests Â·  Â· 2 bedrooms Â·  Â· 3 beds Â·  Â· 1 bath,$531Â CAD,4.71
188,https://www.airbnb.ca/rooms/622455208811787410?adults=1&check_in=2022-11-02&check_out=2022-11-03&previous_page_section_name=1000&federated_search_id=58193af9-b037-4ed9-87cc-6bacecad2e0b,Cozy and Warm Modern Studio near Waikiki Beach!!!,3 guests Â·  Â· Studio Â·  Â· 2 beds Â·  Â· 1 bath,$543Â CAD,5.0 
189,https://www.airbnb.ca/rooms/703111793975318877?adults=1&check_in=2022-11-02&check_out=2022-11-03&previous_page_section_name=1000&federated_search_id=58193af9-b037-4ed9-87cc-6bacecad2e0b,Lovely Studio with Park Views @ The Palms Waikiki,2 guests Â·  Â· Studio Â·  Â· 1 bed Â·  Â· 1 bath,$449Â CAD,5.0 
190,https://www.airbnb.ca/rooms/15275751?adults=1&check_in=2022-11-02&check_out=2022-11-03&previous_page_section_name=1000&federated_search_id=58193af9-b037-4ed9-87cc-6bacecad2e0b,LivingHealthyWithChocolate's Guest House,2 guests Â·  Â· 1 bedroom Â·  Â· 1 bed Â·  Â· 1 bath,$548Â CAD,4.98
191,https://www.airbnb.ca/rooms/731975464935982166?adults=1&check_in=2022-11-02&check_out=2022-11-03&previous_page_section_name=1000&federated_search_id=58193af9-b037-4ed9-87cc-6bacecad2e0b,Ocean view | 1 Bedroom Ilikai Marina | Wi-Fi & AC,3 guests Â·  Â· 1 bedroom Â·  Â· 2 beds Â·  Â· 1 bath,$575Â CAD,New
192,https://www.airbnb.ca/rooms/628301456286547856?adults=1&check_in=2022-11-02&check_out=2022-11-03&previous_page_section_name=1000&federated_search_id=58193af9-b037-4ed9-87cc-6bacecad2e0b,Luana at Waikiki with ocean and park view,4 guests Â·  Â· 1 bedroom Â·  Â· 2 beds Â·  Â· 1 private bath,$459Â CAD,4.9 
193,https://www.airbnb.ca/rooms/46717922?adults=1&check_in=2022-11-02&check_out=2022-11-03&previous_page_section_name=1000&federated_search_id=58193af9-b037-4ed9-87cc-6bacecad2e0b,Hawaii Honolulu  Waikiki New 1br/1baApartment,6 guests Â·  Â· 1 bedroom Â·  Â· 4 beds Â·  Â· 1 bath,$437Â CAD,4.56
194,https://www.airbnb.ca/rooms/35433247?adults=1&check_in=2022-11-02&check_out=2022-11-03&previous_page_section_name=1000&federated_search_id=58193af9-b037-4ed9-87cc-6bacecad2e0b,210 TROPICS!! IN PARADISE!  BLOCK FROM BEACH!!,2 guests Â·  Â· Studio Â·  Â· 1 bed Â·  Â· 1 bath,$291Â CAD,4.52
195,https://www.airbnb.ca/rooms/634917737706388998?adults=1&check_in=2022-11-02&check_out=2022-11-03&previous_page_section_name=1000&federated_search_id=58193af9-b037-4ed9-87cc-6bacecad2e0b,Waikiki Luxury Ilikai City View! / Free Parking~,6 guests Â·  Â· Studio Â·  Â· 4 beds Â·  Â· 1 bath,$849Â CAD,4.94
196,https://www.airbnb.ca/rooms/13139520?adults=1&check_in=2022-11-02&check_out=2022-11-03&previous_page_section_name=1000&federated_search_id=58193af9-b037-4ed9-87cc-6bacecad2e0b,Hale Waâ€™a - 2 bed/2 bath - 5 minute walk to beach!,5 guests Â·  Â· 2 bedrooms Â·  Â· 3 beds Â·  Â· 2 baths,$720Â CAD,4.89
197,https://www.airbnb.ca/rooms/39816496?adults=1&check_in=2022-11-02&check_out=2022-11-03&previous_page_section_name=1000&federated_search_id=58193af9-b037-4ed9-87cc-6bacecad2e0b,Glamping. Camping gear rent and Suv 7 seater incl,3 guests Â·  Â· 1 bedroom Â·  Â· 3 beds Â·  Â· 1 bath,$361Â CAD,4.9 
198,https://www.airbnb.ca/rooms/15823091?adults=1&check_in=2022-11-02&check_out=2022-11-03&previous_page_section_name=1000&federated_search_id=58193af9-b037-4ed9-87cc-6bacecad2e0b,Fantastic Diamond Head & Ocean Views,2 guests Â·  Â· 1 bedroom Â·  Â· 1 bed Â·  Â· 1 bath,$488Â CAD,4.75
199,https://www.airbnb.ca/rooms/645434143945997632?adults=1&check_in=2022-11-02&check_out=2022-11-03&previous_page_section_name=1000&federated_search_id=58193af9-b037-4ed9-87cc-6bacecad2e0b,Ultimate Waikiki Group Getaway! 3 Modern Units,12 guests Â·  Â· 3 bedrooms Â·  Â· 6 beds Â·  Â· 3 baths,$781Â CAD,New
200,https://www.airbnb.ca/rooms/35694715?adults=1&check_in=2022-11-02&check_out=2022-11-03&previous_page_section_name=1000&federated_search_id=58193af9-b037-4ed9-87cc-6bacecad2e0b,PANORAMIC OCEANVIEW ON HIGH FLOOR STEPS FROM BEACH,4 guests Â·  Â· Studio Â·  Â· 2 beds Â·  Â· 1 bath,$561Â CAD,4.88
201,https://www.airbnb.ca/rooms/3386000?adults=1&check_in=2022-11-02&check_out=2022-11-03&previous_page_section_name=1000&federated_search_id=b23f694c-94f8-43b4-9d20-700fa1ad2cbc,WAIKIKI CONTEMPORARY STUDIO â˜…FREE PARKINGâ˜…  æ—¥æœ¬èª,3 guests Â·  Â· Studio Â·  Â· 2 beds Â·  Â· 1 bath,$414Â CAD,4.89
202,https://www.airbnb.ca/rooms/547475938534382212?adults=1&check_in=2022-11-02&check_out=2022-11-03&previous_page_section_name=1000&federated_search_id=b23f694c-94f8-43b4-9d20-700fa1ad2cbc,ğŸ³WAIKIKI HAWAIIAN OASIS-Legal RentalğŸ³,2 guests Â·  Â· Studio Â·  Â· 1 bed Â·  Â· 1 bath,$414Â CAD,4.75
203,https://www.airbnb.ca/rooms/24874873?adults=1&check_in=2022-11-02&check_out=2022-11-03&previous_page_section_name=1000&federated_search_id=b23f694c-94f8-43b4-9d20-700fa1ad2cbc,"Waikiki Sunset 31st Floor,  Free Parking",6 guests Â·  Â· 1 bedroom Â·  Â· 3 beds Â·  Â· 1 bath,$664Â CAD,4.66
204,https://www.airbnb.ca/rooms/13139520?adults=1&check_in=2022-11-02&check_out=2022-11-03&previous_page_section_name=1000&federated_search_id=b23f694c-94f8-43b4-9d20-700fa1ad2cbc,Hale Waâ€™a - 2 bed/2 bath - 5 minute walk to beach!,5 guests Â·  Â· 2 bedrooms Â·  Â· 3 beds Â·  Â· 2 baths,$720Â CAD,4.89
205,https://www.airbnb.ca/rooms/651710463009144361?adults=1&check_in=2022-11-02&check_out=2022-11-03&previous_page_section_name=1000&federated_search_id=b23f694c-94f8-43b4-9d20-700fa1ad2cbc,Waikiki-Newly renovated   Legitimate short rent,5 guests Â·  Â· 2 bedrooms Â·  Â· 3 beds Â·  Â· 1 bath,$500Â CAD,4.75
206,https://www.airbnb.ca/rooms/47529549?adults=1&check_in=2022-11-02&check_out=2022-11-03&previous_page_section_name=1000&federated_search_id=b23f694c-94f8-43b4-9d20-700fa1ad2cbc,"Central area,Waikiki ! Comfort&Reasonable stayâ™ª",2 guests Â·  Â· 1 bedroom Â·  Â· 1 bed Â·  Â· 1 bath,$348Â CAD,4.74
207,https://www.airbnb.ca/rooms/35694715?adults=1&check_in=2022-11-02&check_out=2022-11-03&previous_page_section_name=1000&federated_search_id=b23f694c-94f8-43b4-9d20-700fa1ad2cbc,PANORAMIC OCEANVIEW ON HIGH FLOOR STEPS FROM BEACH,4 guests Â·  Â· Studio Â·  Â· 2 beds Â·  Â· 1 bath,$561Â CAD,4.88
208,https://www.airbnb.ca/rooms/52640839?adults=1&check_in=2022-11-02&check_out=2022-11-03&previous_page_section_name=1000&federated_search_id=b23f694c-94f8-43b4-9d20-700fa1ad2cbc,20th Floor Beautiful 1 BD 1BA-FREE Parking-Wifi-AC,6 guests Â·  Â· 1 bedroom Â·  Â· 2 beds Â·  Â· 1 bath,$627Â CAD,4.75
209,https://www.airbnb.ca/rooms/35433247?adults=1&check_in=2022-11-02&check_out=2022-11-03&previous_page_section_name=1000&federated_search_id=b23f694c-94f8-43b4-9d20-700fa1ad2cbc,210 TROPICS!! IN PARADISE!  BLOCK FROM BEACH!!,2 guests Â·  Â· Studio Â·  Â· 1 bed Â·  Â· 1 bath,$291Â CAD,4.52
210,https://www.airbnb.ca/rooms/40210805?adults=1&check_in=2022-11-02&check_out=2022-11-03&previous_page_section_name=1000&federated_search_id=b23f694c-94f8-43b4-9d20-700fa1ad2cbc,"ğŸŒºCozy and Comfortable,  in the heart of Waikiki",4 guests Â·  Â· 1 bedroom Â·  Â· 2 beds Â·  Â· 1 bath,$442Â CAD,4.94
211,https://www.airbnb.ca/rooms/18741585?adults=1&check_in=2022-11-02&check_out=2022-11-03&previous_page_section_name=1000&federated_search_id=b23f694c-94f8-43b4-9d20-700fa1ad2cbc,ğŸ¤™WAIKIKI BEACH & SUN-Legal RentalğŸ¤™,2 guests Â·  Â· Studio Â·  Â· 1 bed Â·  Â· 1 bath,$349Â CAD,4.68
212,https://www.airbnb.ca/rooms/46717922?adults=1&check_in=2022-11-02&check_out=2022-11-03&previous_page_section_name=1000&federated_search_id=b23f694c-94f8-43b4-9d20-700fa1ad2cbc,Hawaii Honolulu  Waikiki New 1br/1baApartment,6 guests Â·  Â· 1 bedroom Â·  Â· 4 beds Â·  Â· 1 bath,$437Â CAD,4.56
213,https://www.airbnb.ca/rooms/549412341931604093?adults=1&check_in=2022-11-02&check_out=2022-11-03&previous_page_section_name=1000&federated_search_id=b23f694c-94f8-43b4-9d20-700fa1ad2cbc,Private 1 BR O'hana Diamond Suite Near HNL Airport,2 guests Â·  Â· 1 bedroom Â·  Â· 3 beds Â·  Â· 1 shared bath,$306Â CAD,3.88
214,https://www.airbnb.ca/rooms/9667518?adults=1&check_in=2022-11-02&check_out=2022-11-03&previous_page_section_name=1000&federated_search_id=b23f694c-94f8-43b4-9d20-700fa1ad2cbc,"2BR Waikiki King/King Beds, Convention, Beaches",6 guests Â·  Â· 2 bedrooms Â·  Â· 3 beds Â·  Â· 1 bath,$628Â CAD,4.53
215,https://www.airbnb.ca/rooms/42299683?adults=1&check_in=2022-11-02&check_out=2022-11-03&previous_page_section_name=1000&federated_search_id=b23f694c-94f8-43b4-9d20-700fa1ad2cbc,Waikiki Banyan 37th Floor | Ocean Views | Parking,5 guests Â·  Â· 1 bedroom Â·  Â· 3 beds Â·  Â· 1 bath,$609Â CAD,4.67
216,https://www.airbnb.ca/rooms/14828126?adults=1&check_in=2022-11-02&check_out=2022-11-03&previous_page_section_name=1000&federated_search_id=b23f694c-94f8-43b4-9d20-700fa1ad2cbc,Nalu Suite @Waikiki Banyan (1 Free Parking),6 guests Â·  Â· 1 bedroom Â·  Â· 3 beds Â·  Â· 1 bath,$643Â CAD,4.81
217,https://www.airbnb.ca/rooms/48069425?adults=1&check_in=2022-11-02&check_out=2022-11-03&previous_page_section_name=1000&federated_search_id=b23f694c-94f8-43b4-9d20-700fa1ad2cbc,Ocean Breeze Punalu'u 1 BR,4 guests Â·  Â· 1 bedroom Â·  Â· 1 bed Â·  Â· 1 bath,$546Â CAD,4.8 
218,https://www.airbnb.ca/rooms/33008112?adults=1&check_in=2022-11-02&check_out=2022-11-03&previous_page_section_name=1000&federated_search_id=b23f694c-94f8-43b4-9d20-700fa1ad2cbc,"Bright, stylish studio w/views-Walk to beach!",2 guests Â·  Â· Studio Â·  Â· 1 bed Â·  Â· 1 bath,$402Â CAD,4.68
219,https://www.airbnb.ca/rooms/43025623?adults=1&check_in=2022-11-02&check_out=2022-11-03&previous_page_section_name=1000&federated_search_id=b23f694c-94f8-43b4-9d20-700fa1ad2cbc,Waikiki Banyan Ocean View Apt - Free Parking,5 guests Â·  Â· 1 bedroom Â·  Â· 2 beds Â·  Â· 1 bath,$661Â CAD,4.43
220,https://www.airbnb.ca/rooms/744164721197184259?adults=1&check_in=2022-11-02&check_out=2022-11-03&previous_page_section_name=1000&federated_search_id=b23f694c-94f8-43b4-9d20-700fa1ad2cbc,Partial Ocean View 1 Bedroom w/Rooftop Pool,4 guests Â·  Â· 1 bedroom Â·  Â· 2 beds Â·  Â· 1 bath,$569Â CAD,New
221,https://www.airbnb.ca/rooms/33008112?adults=1&check_in=2022-11-02&check_out=2022-11-03&previous_page_section_name=1000&federated_search_id=7c40aeec-4329-4eb4-b2d6-f0df40d15d3c,"Bright, stylish studio w/views-Walk to beach!",2 guests Â·  Â· Studio Â·  Â· 1 bed Â·  Â· 1 bath,$402Â CAD,4.68
222,https://www.airbnb.ca/rooms/678759527904138249?adults=1&check_in=2022-11-02&check_out=2022-11-03&previous_page_section_name=1000&federated_search_id=7c40aeec-4329-4eb4-b2d6-f0df40d15d3c,Private studio ï¼† FREE Parking near Hilton Lagoon,4 guests Â·  Â· 1 bedroom Â·  Â· 2 beds Â·  Â· 1 private bath,$353Â CAD,5.0 
223,https://www.airbnb.ca/rooms/49656026?adults=1&check_in=2022-11-02&check_out=2022-11-03&previous_page_section_name=1000&federated_search_id=7c40aeec-4329-4eb4-b2d6-f0df40d15d3c,Mango go 215,4 guests Â·  Â· Studio Â·  Â· 2 beds Â·  Â· 1 bath,$353Â CAD,4.66
224,https://www.airbnb.ca/rooms/7290670?adults=1&check_in=2022-11-02&check_out=2022-11-03&previous_page_section_name=1000&federated_search_id=7c40aeec-4329-4eb4-b2d6-f0df40d15d3c,New Reno! Direct Oceanfront @ Waikiki Beach Tower,8 guests Â·  Â· 2 bedrooms Â·  Â· 4 beds Â·  Â· 2 baths,"$1,229Â CAD",4.79
225,https://www.airbnb.ca/rooms/47529549?adults=1&check_in=2022-11-02&check_out=2022-11-03&previous_page_section_name=1000&federated_search_id=7c40aeec-4329-4eb4-b2d6-f0df40d15d3c,"Central area,Waikiki ! Comfort&Reasonable stayâ™ª",2 guests Â·  Â· 1 bedroom Â·  Â· 1 bed Â·  Â· 1 bath,$348Â CAD,4.74
226,https://www.airbnb.ca/rooms/713464750064936328?adults=1&check_in=2022-11-02&check_out=2022-11-03&previous_page_section_name=1000&federated_search_id=7c40aeec-4329-4eb4-b2d6-f0df40d15d3c,Steps to Waikiki Beach. Ocean view!,4 guests Â·  Â· 1 bedroom Â·  Â· 1 bed Â·  Â· 1 bath,$413Â CAD,5.0 
227,https://www.airbnb.ca/rooms/594537821999870307?adults=1&check_in=2022-11-02&check_out=2022-11-03&previous_page_section_name=1000&federated_search_id=7c40aeec-4329-4eb4-b2d6-f0df40d15d3c,North shore Ocean Front~,12 guests Â·  Â· 3 bedrooms Â·  Â· 5 beds Â·  Â· 2 baths,$768Â CAD,4.41
228,https://www.airbnb.ca/rooms/14828126?adults=1&check_in=2022-11-02&check_out=2022-11-03&previous_page_section_name=1000&federated_search_id=7c40aeec-4329-4eb4-b2d6-f0df40d15d3c,Nalu Suite @Waikiki Banyan (1 Free Parking),6 guests Â·  Â· 1 bedroom Â·  Â· 3 beds Â·  Â· 1 bath,$643Â CAD,4.81
229,https://www.airbnb.ca/rooms/17083346?adults=1&check_in=2022-11-02&check_out=2022-11-03&previous_page_section_name=1000&federated_search_id=7c40aeec-4329-4eb4-b2d6-f0df40d15d3c,1 block to beach delight by Aloha-Waikiki   92,2 guests Â·  Â· Studio Â·  Â· 1 bed Â·  Â· 1 bath,$425Â CAD,4.78
230,https://www.airbnb.ca/rooms/558307185077192564?adults=1&check_in=2022-11-02&check_out=2022-11-03&previous_page_section_name=1000&federated_search_id=7c40aeec-4329-4eb4-b2d6-f0df40d15d3c,Minutes Walk Waikiki Beach 1 Br 1 Free Parking 27F,4 guests Â·  Â· 1 bedroom Â·  Â· 2 beds Â·  Â· 1 bath,$572Â CAD,4.71
231,https://www.airbnb.ca/rooms/50073706?adults=1&check_in=2022-11-02&check_out=2022-11-03&previous_page_section_name=1000&federated_search_id=7c40aeec-4329-4eb4-b2d6-f0df40d15d3c,Brand new oceanfront Airstream,4 guests Â·  Â· 1 bedroom Â·  Â· 1 bed Â·  Â· 1 bath,$735Â CAD,4.75
232,https://www.airbnb.ca/rooms/32997972?adults=1&check_in=2022-11-02&check_out=2022-11-03&previous_page_section_name=1000&federated_search_id=7c40aeec-4329-4eb4-b2d6-f0df40d15d3c,Windward Suites,6 guests Â·  Â· 2 bedrooms Â·  Â· 2 beds Â·  Â· 2 baths,$719Â CAD,4.94
233,https://www.airbnb.ca/rooms/38780012?adults=1&check_in=2022-11-02&check_out=2022-11-03&previous_page_section_name=1000&federated_search_id=7c40aeec-4329-4eb4-b2d6-f0df40d15d3c,Waikiki Sunset Mountain View w/ 1 Parking,6 guests Â·  Â· 1 bedroom Â·  Â· 3 beds Â·  Â· 1 bath,$534Â CAD,4.57
234,https://www.airbnb.ca/rooms/49129903?adults=1&check_in=2022-11-02&check_out=2022-11-03&previous_page_section_name=1000&federated_search_id=7c40aeec-4329-4eb4-b2d6-f0df40d15d3c,Diamond Head King Bed Suite,3 guests Â·  Â· Studio Â·  Â· 1 bed Â·  Â· 1 private bath,$281Â CAD,4.48
235,https://www.airbnb.ca/rooms/38086835?adults=1&check_in=2022-11-02&check_out=2022-11-03&previous_page_section_name=1000&federated_search_id=7c40aeec-4329-4eb4-b2d6-f0df40d15d3c,"Ocean View 2 Double Beds, Hotel Renew",4 guests Â·  Â· Studio Â·  Â· 2 beds Â·  Â· 1 private bath,$402Â CAD,New
236,https://www.airbnb.ca/rooms/604452166527277906?adults=1&check_in=2022-11-02&check_out=2022-11-03&previous_page_section_name=1000&federated_search_id=7c40aeec-4329-4eb4-b2d6-f0df40d15d3c,Close to the beach Villa 2 with free parking.,4 guests Â·  Â· 2 bedrooms Â·  Â· 2 beds Â·  Â· 1 bath,$623Â CAD,New
237,https://www.airbnb.ca/rooms/50897702?adults=1&check_in=2022-11-02&check_out=2022-11-03&previous_page_section_name=1000&federated_search_id=7c40aeec-4329-4eb4-b2d6-f0df40d15d3c,1 King Bed OR 2 Doubles in Central Waikiki,4 guests Â·  Â· Studio Â·  Â· 1 bed Â·  Â· 1 private bath,$322Â CAD,3.97
238,https://www.airbnb.ca/rooms/37362351?adults=1&check_in=2022-11-02&check_out=2022-11-03&previous_page_section_name=1000&federated_search_id=7c40aeec-4329-4eb4-b2d6-f0df40d15d3c,Hauula Studio,4 guests Â·  Â· Studio Â·  Â· 1 bed Â·  Â· 1 bath,$421Â CAD,4.81
239,https://www.airbnb.ca/rooms/52640839?adults=1&check_in=2022-11-02&check_out=2022-11-03&previous_page_section_name=1000&federated_search_id=7c40aeec-4329-4eb4-b2d6-f0df40d15d3c,20th Floor Beautiful 1 BD 1BA-FREE Parking-Wifi-AC,6 guests Â·  Â· 1 bedroom Â·  Â· 2 beds Â·  Â· 1 bath,$627Â CAD,4.75
240,https://www.airbnb.ca/rooms/684855634849423060?adults=1&check_in=2022-11-02&check_out=2022-11-03&previous_page_section_name=1000&federated_search_id=7c40aeec-4329-4eb4-b2d6-f0df40d15d3c,Ocean View 1-Bedroom Condo Minutes from the Beach!,3 guests Â·  Â· 1 bedroom Â·  Â· 1 bed Â·  Â· 1 bath,$486Â CAD,4.0 
241,https://www.airbnb.ca/rooms/653743559188239883?adults=1&check_in=2022-11-02&check_out=2022-11-03&previous_page_section_name=1000&federated_search_id=17400db2-ad29-4504-bed0-570a262425d2,Oceanview's on 31st Flr (nr beach),3 guests Â·  Â· Studio Â·  Â· 1 bed Â·  Â· 1 bath,$425Â CAD,4.67
242,https://www.airbnb.ca/rooms/545208808950038553?adults=1&check_in=2022-11-02&check_out=2022-11-03&previous_page_section_name=1000&federated_search_id=17400db2-ad29-4504-bed0-570a262425d2,Waikiki Beachside Condo,2 guests Â·  Â· Studio Â·  Â· 2 beds Â·  Â· 1 bath,$432Â CAD,5.0 
243,https://www.airbnb.ca/rooms/51873798?adults=1&check_in=2022-11-02&check_out=2022-11-03&previous_page_section_name=1000&federated_search_id=17400db2-ad29-4504-bed0-570a262425d2,Waikiki Koa Big Studio,2 guests Â·  Â· 1 bedroom Â·  Â· 1 bed Â·  Â· 1 bath,$498Â CAD,4.68
244,https://www.airbnb.ca/rooms/36352152?adults=1&check_in=2022-11-02&check_out=2022-11-03&previous_page_section_name=1000&federated_search_id=17400db2-ad29-4504-bed0-570a262425d2,707A Legal stay--NEW!! LOCATION!!!  AMAZING!!,2 guests Â·  Â· Studio Â·  Â· 1 bed Â·  Â· 1 bath,$333Â CAD,4.49
245,https://www.airbnb.ca/rooms/38903944?adults=1&check_in=2022-11-02&check_out=2022-11-03&previous_page_section_name=1000&federated_search_id=17400db2-ad29-4504-bed0-570a262425d2,Hotel La Croix Kitchenette - Newly Renovated,4 guests Â·  Â· 1 bedroom Â·  Â· 2 beds Â·  Â· 1 shared bath,$333Â CAD,4.6 
246,https://www.airbnb.ca/rooms/641793050712970499?adults=1&check_in=2022-11-02&check_out=2022-11-03&previous_page_section_name=1000&federated_search_id=17400db2-ad29-4504-bed0-570a262425d2,19th FL Spacious 1 BR w/Free Parking+A/C+Wifi,6 guests Â·  Â· 1 bedroom Â·  Â· 3 beds Â·  Â· 1 bath,$534Â CAD,5.0 
247,https://www.airbnb.ca/rooms/370635?adults=1&check_in=2022-11-02&check_out=2022-11-03&previous_page_section_name=1000&federated_search_id=17400db2-ad29-4504-bed0-570a262425d2,Hawaii Basecamp to Sun & Surf â¤ï¸,3 guests Â·  Â· Studio Â·  Â· 3 beds Â·  Â· 1 bath,$393Â CAD,4.72
248,https://www.airbnb.ca/rooms/46602272?adults=1&check_in=2022-11-02&check_out=2022-11-03&previous_page_section_name=1000&federated_search_id=17400db2-ad29-4504-bed0-570a262425d2,Beautiful Mountain Views | Close to Beach |Parking,5 guests Â·  Â· 1 bedroom Â·  Â· 3 beds Â·  Â· 1 bath,$541Â CAD,4.85
249,https://www.airbnb.ca/rooms/47223457?adults=1&check_in=2022-11-02&check_out=2022-11-03&previous_page_section_name=1000&federated_search_id=17400db2-ad29-4504-bed0-570a262425d2,Marriott Ko Olina Studio  (Mtn View),4 guests Â·  Â· 1 bedroom Â·  Â· 1 bed Â·  Â· 1 bath,$651Â CAD,5.0 
250,https://www.airbnb.ca/rooms/11967850?adults=1&check_in=2022-11-02&check_out=2022-11-03&previous_page_section_name=1000&federated_search_id=17400db2-ad29-4504-bed0-570a262425d2,ILIKAI OCEAN VIEW WITH ONE FREE PARKING,4 guests Â·  Â· 1 bedroom Â·  Â· 2 beds Â·  Â· 1 bath,$607Â CAD,4.7 
251,https://www.airbnb.ca/rooms/660077406479646514?adults=1&check_in=2022-11-02&check_out=2022-11-03&previous_page_section_name=1000&federated_search_id=17400db2-ad29-4504-bed0-570a262425d2,BMW X5 Camper RV,2 guests Â·  Â· 1 bedroom Â·  Â· 1 bed Â·  Â· 1 bath,$265Â CAD,4.8 
252,https://www.airbnb.ca/rooms/34794870?adults=1&check_in=2022-11-02&check_out=2022-11-03&previous_page_section_name=1000&federated_search_id=17400db2-ad29-4504-bed0-570a262425d2,B New Waikiki Studio Cozy Ocean Views Top Location,2 guests Â·  Â· Studio Â·  Â· 1 bed Â·  Â· 1 bath,$344Â CAD,4.66
253,https://www.airbnb.ca/rooms/35694715?adults=1&check_in=2022-11-02&check_out=2022-11-03&previous_page_section_name=1000&federated_search_id=17400db2-ad29-4504-bed0-570a262425d2,PANORAMIC OCEANVIEW ON HIGH FLOOR STEPS FROM BEACH,4 guests Â·  Â· Studio Â·  Â· 2 beds Â·  Â· 1 bath,$561Â CAD,4.88
254,https://www.airbnb.ca/rooms/43237652?adults=1&check_in=2022-11-02&check_out=2022-11-03&previous_page_section_name=1000&federated_search_id=17400db2-ad29-4504-bed0-570a262425d2,Waikiki Partial Ocean Suite Kitchen 2 Twin Beds,2 guests Â·  Â· 1 bedroom Â·  Â· 3 beds Â·  Â· 1 private bath,$297Â CAD,4.38
255,https://www.airbnb.ca/rooms/48069425?adults=1&check_in=2022-11-02&check_out=2022-11-03&previous_page_section_name=1000&federated_search_id=17400db2-ad29-4504-bed0-570a262425d2,Ocean Breeze Punalu'u 1 BR,4 guests Â·  Â· 1 bedroom Â·  Â· 1 bed Â·  Â· 1 bath,$546Â CAD,4.8 
256,https://www.airbnb.ca/rooms/38363665?adults=1&check_in=2022-11-02&check_out=2022-11-03&previous_page_section_name=1000&federated_search_id=17400db2-ad29-4504-bed0-570a262425d2,Kapahulu Studio â˜…PRIME Locationâ˜… Newly Furnished,4 guests Â·  Â· 1 bedroom Â·  Â· 3 beds Â·  Â· 1 bath,$498Â CAD,4.86
257,https://www.airbnb.ca/rooms/34725283?adults=1&check_in=2022-11-02&check_out=2022-11-03&previous_page_section_name=1000&federated_search_id=17400db2-ad29-4504-bed0-570a262425d2,Clean Waikiki Studio Full Kitchen Free Parking,3 guests Â·  Â· Studio Â·  Â· 2 beds Â·  Â· 1 bath,$416Â CAD,4.76
258,https://www.airbnb.ca/rooms/26042333?adults=1&check_in=2022-11-02&check_out=2022-11-03&previous_page_section_name=1000&federated_search_id=17400db2-ad29-4504-bed0-570a262425d2,4.Center of waikiki  free parking (í•œêµ­ì–´ ê°€ëŠ¥),4 guests Â·  Â· Studio Â·  Â· 2 beds Â·  Â· 1 bath,$426Â CAD,4.88
259,https://www.airbnb.ca/rooms/677501012190060600?adults=1&check_in=2022-11-02&check_out=2022-11-03&previous_page_section_name=1000&federated_search_id=17400db2-ad29-4504-bed0-570a262425d2,1 bedroom rental unit w/Free parking,4 guests Â·  Â· 1 bedroom Â·  Â· 1 bed Â·  Â· 1 bath,$507Â CAD,5.0 
260,https://www.airbnb.ca/rooms/43237813?adults=1&check_in=2022-11-02&check_out=2022-11-03&previous_page_section_name=1000&federated_search_id=17400db2-ad29-4504-bed0-570a262425d2,Waikiki Ocean View Suite Kitchen with 1 Queen Bed,2 guests Â·  Â· 1 bedroom Â·  Â· 2 beds Â·  Â· 1 private bath,$306Â CAD,4.5 
261,https://www.airbnb.ca/rooms/43237813?adults=1&check_in=2022-11-02&check_out=2022-11-03&previous_page_section_name=1000&federated_search_id=0a67dfa6-f920-46f6-a704-b08ba8a3bad2,Waikiki Ocean View Suite Kitchen with 1 Queen Bed,2 guests Â·  Â· 1 bedroom Â·  Â· 2 beds Â·  Â· 1 private bath,$306Â CAD,4.5 
262,https://www.airbnb.ca/rooms/41380405?adults=1&check_in=2022-11-02&check_out=2022-11-03&previous_page_section_name=1000&federated_search_id=0a67dfa6-f920-46f6-a704-b08ba8a3bad2,"NEW~*
FRENCH BANYAN
ONE BEDROOM ~*
FREE PARKING ~*",6 guests Â·  Â· 1 bedroom Â·  Â· 3 beds Â·  Â· 1 bath,$751Â CAD,4.47
263,https://www.airbnb.ca/rooms/645434143945997632?adults=1&check_in=2022-11-02&check_out=2022-11-03&previous_page_section_name=1000&federated_search_id=0a67dfa6-f920-46f6-a704-b08ba8a3bad2,Ultimate Waikiki Group Getaway! 3 Modern Units,12 guests Â·  Â· 3 bedrooms Â·  Â· 6 beds Â·  Â· 3 baths,$781Â CAD,New
264,https://www.airbnb.ca/rooms/723945945813504479?adults=1&check_in=2022-11-02&check_out=2022-11-03&previous_page_section_name=1000&federated_search_id=0a67dfa6-f920-46f6-a704-b08ba8a3bad2,FREE Parking! Cozy Studio near Waikiki Beach,2 guests Â·  Â· Studio Â·  Â· 1 bed Â·  Â· 1 bath,$523Â CAD,New
265,https://www.airbnb.ca/rooms/52469800?adults=1&check_in=2022-11-02&check_out=2022-11-03&previous_page_section_name=1000&federated_search_id=0a67dfa6-f920-46f6-a704-b08ba8a3bad2,"Ultimate Waikiki Getaway! Pool, Kitchenette",2 guests Â·  Â· 1 bedroom Â·  Â· 1 bed Â·  Â· 1 bath,$304Â CAD,New
266,https://www.airbnb.ca/rooms/31026667?adults=1&check_in=2022-11-02&check_out=2022-11-03&previous_page_section_name=1000&federated_search_id=0a67dfa6-f920-46f6-a704-b08ba8a3bad2,**Free Parking**28th Floor*Monthly Rates**,2 guests Â·  Â· Studio Â·  Â· 1 bed Â·  Â· 1 bath,$470Â CAD,4.76
267,https://www.airbnb.ca/rooms/684344502240339992?adults=1&check_in=2022-11-02&check_out=2022-11-03&previous_page_section_name=1000&federated_search_id=0a67dfa6-f920-46f6-a704-b08ba8a3bad2,Suitable for large family of 6 people - Waikiki,6 guests Â·  Â· 1 bedroom Â·  Â· 3 beds Â·  Â· 1 bath,$461Â CAD,4.75
268,https://www.airbnb.ca/rooms/42299683?adults=1&check_in=2022-11-02&check_out=2022-11-03&previous_page_section_name=1000&federated_search_id=0a67dfa6-f920-46f6-a704-b08ba8a3bad2,Waikiki Banyan 37th Floor | Ocean Views | Parking,5 guests Â·  Â· 1 bedroom Â·  Â· 3 beds Â·  Â· 1 bath,$609Â CAD,4.67
269,https://www.airbnb.ca/rooms/678795742249791829?adults=1&check_in=2022-11-02&check_out=2022-11-03&previous_page_section_name=1000&federated_search_id=0a67dfa6-f920-46f6-a704-b08ba8a3bad2,Private studio near Hilton Lagoon,4 guests Â·  Â· 1 bedroom Â·  Â· 2 beds Â·  Â· 1 private bath,$371Â CAD,4.33
270,https://www.airbnb.ca/rooms/13139520?adults=1&check_in=2022-11-02&check_out=2022-11-03&previous_page_section_name=1000&federated_search_id=0a67dfa6-f920-46f6-a704-b08ba8a3bad2,Hale Waâ€™a - 2 bed/2 bath - 5 minute walk to beach!,5 guests Â·  Â· 2 bedrooms Â·  Â· 3 beds Â·  Â· 2 baths,$720Â CAD,4.89
271,https://www.airbnb.ca/rooms/38086835?adults=1&check_in=2022-11-02&check_out=2022-11-03&previous_page_section_name=1000&federated_search_id=0a67dfa6-f920-46f6-a704-b08ba8a3bad2,"Ocean View 2 Double Beds, Hotel Renew",4 guests Â·  Â· Studio Â·  Â· 2 beds Â·  Â· 1 private bath,$402Â CAD,New
272,https://www.airbnb.ca/rooms/53708468?adults=1&check_in=2022-11-02&check_out=2022-11-03&previous_page_section_name=1000&federated_search_id=0a67dfa6-f920-46f6-a704-b08ba8a3bad2,Private studio in Waikiki! Max 2/Condo has Poolâ™ª,4 guests Â·  Â· 1 bedroom Â·  Â· 2 beds Â·  Â· 1 private bath,$294Â CAD,5.0 
273,https://www.airbnb.ca/rooms/31476630?adults=1&check_in=2022-11-02&check_out=2022-11-03&previous_page_section_name=1000&federated_search_id=0a67dfa6-f920-46f6-a704-b08ba8a3bad2,KING BED Studio Cheapest Parking Nearby in Waikiki,2 guests Â·  Â· Studio Â·  Â· 1 bed Â·  Â· 1 bath,$368Â CAD,4.83
274,https://www.airbnb.ca/rooms/47101452?adults=1&check_in=2022-11-02&check_out=2022-11-03&previous_page_section_name=1000&federated_search_id=0a67dfa6-f920-46f6-a704-b08ba8a3bad2,404 CLEAN AND BRIGHT ESCAPE!!:),3 guests Â·  Â· Studio Â·  Â· 2 beds Â·  Â· 1 bath,$334Â CAD,4.5 
275,https://www.airbnb.ca/rooms/50566313?adults=1&check_in=2022-11-02&check_out=2022-11-03&previous_page_section_name=1000&federated_search_id=0a67dfa6-f920-46f6-a704-b08ba8a3bad2,Stealth Camper Van,2 guests Â·  Â· 1 bedroom Â·  Â· 1 bed Â·  Â· 0 baths,$203Â CAD,4.89
276,https://www.airbnb.ca/rooms/7290670?adults=1&check_in=2022-11-02&check_out=2022-11-03&previous_page_section_name=1000&federated_search_id=0a67dfa6-f920-46f6-a704-b08ba8a3bad2,New Reno! Direct Oceanfront @ Waikiki Beach Tower,8 guests Â·  Â· 2 bedrooms Â·  Â· 4 beds Â·  Â· 2 baths,"$1,229Â CAD",4.79
277,https://www.airbnb.ca/rooms/630730291575194376?adults=1&check_in=2022-11-02&check_out=2022-11-03&previous_page_section_name=1000&federated_search_id=0a67dfa6-f920-46f6-a704-b08ba8a3bad2,Clean & Modern Waikiki Condo w/ Queen bed!,2 guests Â·  Â· Studio Â·  Â· 1 bed Â·  Â· 1 bath,$479Â CAD,4.93
278,https://www.airbnb.ca/rooms/527114582885694142?adults=1&check_in=2022-11-02&check_out=2022-11-03&previous_page_section_name=1000&federated_search_id=0a67dfa6-f920-46f6-a704-b08ba8a3bad2,2021 Brand New Mercedes Benz RV- your vanlife time,4 guests Â·  Â· 2 beds Â·  Â· Half-bath,$436Â CAD,4.75
279,https://www.airbnb.ca/rooms/51972745?adults=1&check_in=2022-11-02&check_out=2022-11-03&previous_page_section_name=1000&federated_search_id=0a67dfa6-f920-46f6-a704-b08ba8a3bad2,Waikiki Banyan Resort/ POV Ocean View/Free parking,6 guests Â·  Â· 1 bedroom Â·  Â· 2 beds Â·  Â· 1 bath,$740Â CAD,4.67
280,https://www.airbnb.ca/rooms/616890379852307855?adults=1&check_in=2022-11-02&check_out=2022-11-03&previous_page_section_name=1000&federated_search_id=0a67dfa6-f920-46f6-a704-b08ba8a3bad2,Panoramic OCEANVIEW ON HIGH FLOOR STEPS FROM BEACH,4 guests Â·  Â· Studio Â·  Â· 2 beds Â·  Â· 1 bath,$552Â CAD,4.87
281,https://www.airbnb.ca/rooms/26458302?adults=1&check_in=2022-11-02&check_out=2022-11-03&previous_page_section_name=1000&federated_search_id=6e5c0bdd-db39-42ab-85af-6b5a91fb511a,Secluded White Sandy beach just 30 steps away,4 guests Â·  Â· 1 bedroom Â·  Â· 2 beds Â·  Â· 1 bath,$638Â CAD,4.86
282,https://www.airbnb.ca/rooms/51022252?adults=1&check_in=2022-11-02&check_out=2022-11-03&previous_page_section_name=1000&federated_search_id=6e5c0bdd-db39-42ab-85af-6b5a91fb511a,NEW! Comfy Studio in Heart of Waikiki with parking,3 guests Â·  Â· Studio Â·  Â· 1 bath,$592Â CAD,4.85
283,https://www.airbnb.ca/rooms/54039798?adults=1&check_in=2022-11-02&check_out=2022-11-03&previous_page_section_name=1000&federated_search_id=6e5c0bdd-db39-42ab-85af-6b5a91fb511a,303A - WHITE CASTLE in Waikiki!!,2 guests Â·  Â· Studio Â·  Â· 1 bed Â·  Â· 1 bath,$341Â CAD,4.63
284,https://www.airbnb.ca/rooms/50795349?adults=1&check_in=2022-11-02&check_out=2022-11-03&previous_page_section_name=1000&federated_search_id=6e5c0bdd-db39-42ab-85af-6b5a91fb511a,Tacoma w/ Rooftent - Close to Honolulu Airport,2 guests Â·  Â· 1 bedroom Â·  Â· 0 baths,$226Â CAD,4.89
285,https://www.airbnb.ca/rooms/568922651219833177?adults=1&check_in=2022-11-02&check_out=2022-11-03&previous_page_section_name=1000&federated_search_id=6e5c0bdd-db39-42ab-85af-6b5a91fb511a,â›µï¸ Waikiki Beach and Ocean Harbor Views,5 guests Â·  Â· 1 bedroom Â·  Â· 2 beds Â·  Â· 1 bath,$749Â CAD,4.74
286,https://www.airbnb.ca/rooms/42177823?adults=1&check_in=2022-11-02&check_out=2022-11-03&previous_page_section_name=1000&federated_search_id=6e5c0bdd-db39-42ab-85af-6b5a91fb511a,Camp around with beautiful Caravan,2 guests,$215Â CAD,4.5 
287,https://www.airbnb.ca/rooms/38363665?adults=1&check_in=2022-11-02&check_out=2022-11-03&previous_page_section_name=1000&federated_search_id=6e5c0bdd-db39-42ab-85af-6b5a91fb511a,Kapahulu Studio â˜…PRIME Locationâ˜… Newly Furnished,4 guests Â·  Â· 1 bedroom Â·  Â· 3 beds Â·  Â· 1 bath,$498Â CAD,4.86
288,https://www.airbnb.ca/rooms/41979452?adults=1&check_in=2022-11-02&check_out=2022-11-03&previous_page_section_name=1000&federated_search_id=6e5c0bdd-db39-42ab-85af-6b5a91fb511a,Waikiki Surfer's Paradise! Classy Studio w/Parking,2 guests Â·  Â· Studio Â·  Â· 1 bed Â·  Â· 1 bath,$543Â CAD,4.91
289,https://www.airbnb.ca/rooms/26042333?adults=1&check_in=2022-11-02&check_out=2022-11-03&previous_page_section_name=1000&federated_search_id=6e5c0bdd-db39-42ab-85af-6b5a91fb511a,4.Center of waikiki  free parking (í•œêµ­ì–´ ê°€ëŠ¥),4 guests Â·  Â· Studio Â·  Â· 2 beds Â·  Â· 1 bath,$426Â CAD,4.88
290,https://www.airbnb.ca/rooms/34749953?adults=1&check_in=2022-11-02&check_out=2022-11-03&previous_page_section_name=1000&federated_search_id=6e5c0bdd-db39-42ab-85af-6b5a91fb511a,"Shoreline Hotel Waikiki, Two Double Beds",4 guests Â·  Â· 1 bedroom Â·  Â· 2 beds Â·  Â· 1 bath,$370Â CAD,4.17
291,https://www.airbnb.ca/rooms/50120353?adults=1&check_in=2022-11-02&check_out=2022-11-03&previous_page_section_name=1000&federated_search_id=6e5c0bdd-db39-42ab-85af-6b5a91fb511a,Mango go 216 Free Parkingï¼,4 guests Â·  Â· Studio Â·  Â· 2 beds Â·  Â· 1 bath,$436Â CAD,4.7 
292,https://www.airbnb.ca/rooms/683520786015073079?adults=1&check_in=2022-11-02&check_out=2022-11-03&previous_page_section_name=1000&federated_search_id=6e5c0bdd-db39-42ab-85af-6b5a91fb511a,New Luxury Suite Beach side Condo Free parking,5 guests Â·  Â· 1 bedroom Â·  Â· 3 beds Â·  Â· 1 bath,$625Â CAD,4.9 
293,https://www.airbnb.ca/rooms/39671374?adults=1&check_in=2022-11-02&check_out=2022-11-03&previous_page_section_name=1000&federated_search_id=6e5c0bdd-db39-42ab-85af-6b5a91fb511a,STEPS FROM BEACH! PARTIAL OCEANVIEW! FREE PARKING!,5 guests Â·  Â· Studio Â·  Â· 2 beds Â·  Â· 1 bath,$534Â CAD,4.91
294,https://www.airbnb.ca/rooms/38100141?adults=1&check_in=2022-11-02&check_out=2022-11-03&previous_page_section_name=1000&federated_search_id=6e5c0bdd-db39-42ab-85af-6b5a91fb511a,"Ocean View King Bed, Hotel Renew",2 guests Â·  Â· 1 bedroom Â·  Â· 1 bed Â·  Â· 1 private bath,$387Â CAD,3.8 
295,https://www.airbnb.ca/rooms/39108135?adults=1&check_in=2022-11-02&check_out=2022-11-03&previous_page_section_name=1000&federated_search_id=6e5c0bdd-db39-42ab-85af-6b5a91fb511a,"Oceanfront, 1 King Bed",3 guests Â·  Â· 1 bedroom Â·  Â· 1 bed Â·  Â· 1 private bath,$775Â CAD,5.0 
296,https://www.airbnb.ca/rooms/513904961575935265?adults=1&check_in=2022-11-02&check_out=2022-11-03&previous_page_section_name=1000&federated_search_id=6e5c0bdd-db39-42ab-85af-6b5a91fb511a,Beautiful Ocean Views | 1 Block to Beach | Wifi,4 guests Â·  Â· 1 bedroom Â·  Â· 2 beds Â·  Â· 1 bath,$562Â CAD,4.4 
297,https://www.airbnb.ca/rooms/39533013?adults=1&check_in=2022-11-02&check_out=2022-11-03&previous_page_section_name=1000&federated_search_id=6e5c0bdd-db39-42ab-85af-6b5a91fb511a,Gold Corner Studio,4 guests Â·  Â· 1 bedroom Â·  Â· 2 beds Â·  Â· 1 bath,$324Â CAD,4.21
298,https://www.airbnb.ca/rooms/42045387?adults=1&check_in=2022-11-02&check_out=2022-11-03&previous_page_section_name=1000&federated_search_id=6e5c0bdd-db39-42ab-85af-6b5a91fb511a,2 Bedrooms w/ View of Diamond Head & Free Parking!,6 guests Â·  Â· 2 bedrooms Â·  Â· 3 beds Â·  Â· 1 private bath,$838Â CAD,4.7 
299,https://www.airbnb.ca/rooms/41029395?adults=1&check_in=2022-11-02&check_out=2022-11-03&previous_page_section_name=1000&federated_search_id=6e5c0bdd-db39-42ab-85af-6b5a91fb511a,"Panoramic Oceanfront, 1 King Bed",3 guests Â·  Â· 1 bedroom Â·  Â· 1 bed Â·  Â· 1 private bath,$888Â CAD,4.8 
300,https://www.airbnb.ca/rooms/715374159713912062?adults=1&check_in=2022-11-02&check_out=2022-11-03&previous_page_section_name=1000&federated_search_id=6e5c0bdd-db39-42ab-85af-6b5a91fb511a,Maluhia Mountain View Suite 1 bed 1 Free Parking,4 guests Â·  Â· 1 bedroom Â·  Â· 2 beds Â·  Â· 1 bath,$523Â CAD,New
