,Link,Name,Price,Color
1,https://www.carpages.ca/new-cars/manitoba/winnipeg/2023-toyota-sienna-9206521/,2023 Toyota Sienna,"$63,108",White
2,https://www.carpages.ca/new-cars/manitoba/winnipeg/2023-toyota-sienna-9206518/,2023 Toyota Sienna,"$57,888",Blueprint
3,https://www.carpages.ca/new-cars/manitoba/winnipeg/2023-toyota-sienna-9206515/,2023 Toyota Sienna,"$52,628",Celestial Silver Metallic
4,https://www.carpages.ca/new-cars/manitoba/winnipeg/2023-toyota-sienna-9206512/,2023 Toyota Sienna,"$46,943",White
5,https://www.carpages.ca/new-cars/manitoba/winnipeg/2023-toyota-sienna-9206509/,2023 Toyota Sienna,"$55,888",Ruby Flare Pearl
6,https://www.carpages.ca/new-cars/manitoba/winnipeg/2023-toyota-sienna-9206506/,2023 Toyota Sienna,"$50,628",Midnight Black Metallic
7,https://www.carpages.ca/new-cars/manitoba/winnipeg/2023-toyota-sienna-9206503/,2023 Toyota Sienna,"$48,088",Blueprint
8,https://www.carpages.ca/new-cars/manitoba/winnipeg/2023-toyota-sienna-9206500/,2023 Toyota Sienna,"$45,103",Celestial Silver Metallic
9,https://www.carpages.ca/used-cars/ontario/ottawa/2019-tesla-model-3-9206233/,2019 Tesla Model 3,"$58,888",Black
10,https://www.carpages.ca/used-cars/ontario/scarborough/2022-toyota-highlander-9205936/,2022 Toyota Highlander,"$69,995",Silver
11,https://www.carpages.ca/used-cars/ontario/vaughan/2022-tesla-model-y-9205921/,2022 Tesla Model Y,"$93,500",White
12,https://www.carpages.ca/used-cars/ontario/toronto/2018-toyota-camry-9205798/,2018 Toyota Camry,"$22,900",White
13,https://www.carpages.ca/new-cars/ontario/ottawa/2022-ford-explorer-9205465/,2022 Ford Explorer,"$64,374",STAR WHITE METALLIC TRI-COAT
14,https://www.carpages.ca/used-cars/british-columbia/port-coquitlam/2020-tesla-model-y-9204001/,2020 Tesla Model Y,"$79,995",Grey
15,https://www.carpages.ca/used-cars/british-columbia/abbotsford/2022-tesla-model-y-9203254/,2022 Tesla Model Y,"$88,999",
16,https://www.carpages.ca/used-cars/british-columbia/abbotsford/2022-ford-f-150-9203245/,2022 Ford F-150,"$159,888",
17,https://www.carpages.ca/used-cars/british-columbia/abbotsford/2022-tesla-model-y-9203248/,2022 Tesla Model Y,"$89,888",
18,https://www.carpages.ca/used-cars/ontario/oakville/2014-tesla-model-s-9202111/,2014 Tesla Model S,"$43,999",White
19,https://www.carpages.ca/used-cars/ontario/toronto/2019-hyundai-ioniq-hybrid-9201592/,2019 Hyundai Ioniq Hybrid,"$24,990",Grey
20,https://www.carpages.ca/used-cars/ontario/waterloo/2020-honda-insight-9200314/,2020 Honda Insight,"$41,000",Black
21,https://www.carpages.ca/new-cars/saskatchewan/regina/2022-ford-f-150-9200083/,2022 Ford F-150,"$73,335",Oxford White
22,https://www.carpages.ca/new-cars/saskatchewan/regina/2022-ford-f-150-9200080/,2022 Ford F-150,"$73,335",Iconic Silver Metallic
23,https://www.carpages.ca/new-cars/saskatchewan/regina/2022-ford-f-150-9200077/,2022 Ford F-150,"$73,335",Carbonized Grey Metallic
24,https://www.carpages.ca/new-cars/saskatchewan/regina/2022-ford-f-150-9200074/,2022 Ford F-150,"$73,335",Agate Black Metallic
25,https://www.carpages.ca/used-cars/ontario/mississauga/2022-ford-f-250-9199999/,2022 Ford F-250,"$65,998",
26,https://www.carpages.ca/used-cars/ontario/mississauga/2022-ford-explorer-9199993/,2022 Ford Explorer,"$65,998",Carbonized Grey Metallic
27,https://www.carpages.ca/used-cars/ontario/mississauga/2021-hyundai-santa-fe-9199957/,2021 Hyundai Santa Fe,"$54,995",SPACE BLACK
28,https://www.carpages.ca/new-cars/saskatchewan/moose-jaw/2022-ford-escape-9199951/,2022 Ford Escape,"$44,774",Rapid Red
29,https://www.carpages.ca/used-cars/ontario/windsor/2020-ford-fusion-9199906/,2020 Ford Fusion,"$32,995",White
30,https://www.carpages.ca/new-cars/british-columbia/sechelt/2023-ford-f-150-9199771/,2023 Ford F-150,"$123,945",STAR WHITE METALLIC TRI-COAT
31,https://www.carpages.ca/new-cars/british-columbia/sechelt/2023-ford-f-150-9199768/,2023 Ford F-150,"$95,920",Agate Black
32,https://www.carpages.ca/new-cars/british-columbia/sechelt/2023-ford-f-150-9199765/,2023 Ford F-150,"$123,945",STAR WHITE METALLIC TRI-COAT
33,https://www.carpages.ca/new-cars/british-columbia/fort-st-john/2022-ford-f-150-9199756/,2022 Ford F-150,"$112,620",STAR WHITE METALLIC TRI-COAT
34,https://www.carpages.ca/new-cars/british-columbia/fort-st-john/2022-ford-f-150-9199747/,2022 Ford F-150,"$73,805",Carbonized Grey Metallic
35,https://www.carpages.ca/used-cars/british-columbia/vancouver/2019-chrysler-pacifica-9199723/,2019 Chrysler Pacifica,"$52,995",Brilliant Black Crystal P.C.
36,https://www.carpages.ca/used-cars/british-columbia/coquitlam/2022-tesla-model-y-9199555/,2022 Tesla Model Y,"$103,828",
37,https://www.carpages.ca/used-cars/british-columbia/coquitlam/2022-ford-f-150-9199429/,2022 Ford F-150,"$137,765",
38,https://www.carpages.ca/new-cars/ontario/north-bay/2022-toyota-rav4-9199162/,2022 Toyota RAV4,"$38,265",Super White
39,https://www.carpages.ca/used-cars/ontario/brampton/2021-tesla-model-s-9198979/,2021 Tesla Model S,"$169,995",Solid Black
40,https://www.carpages.ca/used-cars/british-columbia/surrey/2022-toyota-camry-9198655/,2022 Toyota Camry,"$56,784",White
41,https://www.carpages.ca/used-cars/british-columbia/surrey/2021-toyota-rav4-9198652/,2021 Toyota RAV4,"$48,752",Grey
42,https://www.carpages.ca/used-cars/alberta/edmonton/2022-tesla-model-3-9198565/,2022 Tesla Model 3,"$82,689",White
43,https://www.carpages.ca/new-cars/alberta/edmonton/2022-ram-1500-9198421/,2022 RAM 1500,"$63,475",White
44,https://www.carpages.ca/new-cars/alberta/edmonton/2022-ram-1500-9198418/,2022 RAM 1500,"$63,475",White
45,https://www.carpages.ca/used-cars/manitoba/winnipeg/2022-tesla-model-y-9198181/,2022 Tesla Model Y,"$95,992",Pearl White Multi-Coat
46,https://www.carpages.ca/used-cars/manitoba/winnipeg/2022-hyundai-ioniq-5-9198178/,2022 Hyundai IONIQ 5,"$79,991",Shooting-Star Gray
47,https://www.carpages.ca/used-cars/manitoba/winnipeg/2022-kia-sorento-9198007/,2022 Kia Sorento,"$48,774",Runway Red
48,https://www.carpages.ca/used-cars/ontario/london/2022-chevrolet-bolt-ev-9197215/,2022 Chevrolet Bolt EV,"$52,990",Black
49,https://www.carpages.ca/new-cars/saskatchewan/regina/2022-lexus-nx-9197149/,2022 Lexus NX,"$58,545",Black
50,https://www.carpages.ca/used-cars/ontario/ottawa/2020-tesla-model-y-9196870/,2020 Tesla Model Y,"$81,900",White
51,https://www.carpages.ca/used-cars/ontario/oakville/2022-tesla-model-3-9196828/,2022 Tesla Model 3,"$67,950",Grey
52,https://www.carpages.ca/new-cars/saskatchewan/saskatoon/2022-ram-1500-9196108/,2022 RAM 1500,"$74,565",Patriot Blue Pearl
53,https://www.carpages.ca/new-cars/manitoba/winnipeg/2023-audi-a3-9196066/,2023 Audi A3,"$57,154",Ibis White
54,https://www.carpages.ca/used-cars/ontario/guelph/2021-toyota-rav4-9195937/,2021 Toyota RAV4,"$49,995",Black
55,https://www.carpages.ca/new-cars/saskatchewan/regina/2022-ford-mustang-mach-e-9195565/,2022 Ford Mustang MACH-E,"$79,590",Blue
56,https://www.carpages.ca/new-cars/saskatchewan/regina/2022-ford-f-150-9194926/,2022 Ford F-150,"$80,000",Carbonized Grey Metallic
57,https://www.carpages.ca/new-cars/british-columbia/abbotsford/2022-ford-f-150-9194815/,2022 Ford F-150,"$96,740",STAR WHITE METALLIC TRI-COAT
58,https://www.carpages.ca/new-cars/british-columbia/abbotsford/2022-ford-escape-9194803/,2022 Ford Escape,"$53,449",Carbonized Grey Metallic
59,https://www.carpages.ca/new-cars/british-columbia/abbotsford/2022-ford-maverick-9194791/,2022 Ford MAVERICK,"$32,745",Iconic Silver Metallic
60,https://www.carpages.ca/new-cars/british-columbia/abbotsford/2022-ford-f-150-9194785/,2022 Ford F-150,"$84,315",Stone Grey
61,https://www.carpages.ca/new-cars/british-columbia/abbotsford/2023-hyundai-ioniq-5-9194557/,2023 Hyundai IONIQ 5,"$62,924",Lucid Blue Pearl
62,https://www.carpages.ca/new-cars/british-columbia/abbotsford/2022-hyundai-santa-fe-9194551/,2022 Hyundai Santa Fe,"$50,624",Abyss Black Pearl
63,https://www.carpages.ca/new-cars/british-columbia/abbotsford/2023-hyundai-kona-9194548/,2023 Hyundai KONA,"$51,424",PHANTOM BLACK
64,https://www.carpages.ca/used-cars/prince-edward-island/charlottetown/2021-nissan-leaf-9193987/,2021 Nissan Leaf,"$44,988",Gun Metallic
65,https://www.carpages.ca/used-cars/ontario/north-bay/2020-toyota-rav4-9193972/,2020 Toyota RAV4,"$47,638",Silver
66,https://www.carpages.ca/used-cars/ontario/hagersville/2021-ford-mustang-mach-e-9193522/,2021 Ford Mustang MACH-E,"$73,600",Black
67,https://www.carpages.ca/used-cars/ontario/kingston/2022-kia-niro-9193420/,2022 Kia NIRO,"$43,995",Black
68,https://www.carpages.ca/new-cars/alberta/edmonton/2022-ram-1500-9193360/,2022 RAM 1500,"$60,975",White
69,https://www.carpages.ca/new-cars/alberta/edmonton/2022-ram-1500-9193351/,2022 RAM 1500,"$63,920",Silver
70,https://www.carpages.ca/used-cars/ontario/ajax/2011-toyota-highlander-hybrid-9192604/,2011 Toyota Highlander Hybrid,"$15,900",Blue
71,https://www.carpages.ca/used-cars/british-columbia/abbotsford/2022-tesla-model-3-9192559/,2022 Tesla Model 3,"$66,995",White
72,https://www.carpages.ca/used-cars/ontario/scarborough/2018-ford-fusion-energi-9192415/,2018 Ford Fusion Energi,"$21,995",Black
73,https://www.carpages.ca/used-cars/ontario/brampton/2019-toyota-camry-9191899/,2019 Toyota Camry,"$34,900",White
74,https://www.carpages.ca/used-cars/ontario/thornhill/2017-toyota-prius-c-9191338/,2017 Toyota Prius c,"$24,995",Red
75,https://www.carpages.ca/used-cars/ontario/kitchener/2012-kia-optima-9191290/,2012 Kia Optima,"$13,900",Blue
76,https://www.carpages.ca/new-cars/saskatchewan/saskatoon/2022-ram-1500-9190951/,2022 RAM 1500,"$91,120",Diamond Black Crystal Pearlcoat
77,https://www.carpages.ca/used-cars/ontario/mississauga/2018-toyota-rav4-9190735/,2018 Toyota RAV4,"$36,995",Black
78,https://www.carpages.ca/used-cars/ontario/guelph/2021-toyota-prius-9190588/,2021 Toyota Prius,"$42,995",Blue
79,https://www.carpages.ca/used-cars/ontario/guelph/2019-toyota-rav4-9190585/,2019 Toyota RAV4,"$44,995",White
80,https://www.carpages.ca/used-cars/ontario/guelph/2021-ford-escape-9190582/,2021 Ford Escape,"$41,988",Black
81,https://www.carpages.ca/used-cars/ontario/guelph/2018-toyota-rav4-9190576/,2018 Toyota RAV4,"$36,995",Grey
82,https://www.carpages.ca/used-cars/ontario/guelph/2021-toyota-sienna-9190558/,2021 Toyota Sienna,"$64,998",White
83,https://www.carpages.ca/used-cars/ontario/north-york/2020-lexus-ux-9190180/,2020 Lexus UX,"$45,490",Gray
84,https://www.carpages.ca/used-cars/ontario/cambridge/2018-chevrolet-malibu-9190081/,2018 Chevrolet Malibu,"$25,995",White
85,https://www.carpages.ca/new-cars/nova-scotia/port-hawkesbury/2022-toyota-tundra-9189919/,2022 Toyota Tundra,"$66,645",0089 WIND CHILL PEARL
86,https://www.carpages.ca/new-cars/saskatchewan/regina/2022-ford-escape-9189736/,2022 Ford Escape,"$49,449",Agate Black Metallic
87,https://www.carpages.ca/used-cars/ontario/peterborough/2017-ford-focus-9189619/,2017 Ford Focus,"$20,649",Red
88,https://www.carpages.ca/new-cars/saskatchewan/moose-jaw/2022-ford-escape-9189460/,2022 Ford Escape,"$46,369",STAR WHITE METALLIC TRI-COAT
89,https://www.carpages.ca/used-cars/british-columbia/surrey/2021-jeep-wrangler-9189394/,2021 Jeep Wrangler,"$68,588",
90,https://www.carpages.ca/used-cars/manitoba/selkirk/2020-hyundai-kona-9189376/,2020 Hyundai KONA,"$45,694",Red
91,https://www.carpages.ca/used-cars/british-columbia/vancouver/2021-toyota-sienna-9189235/,2021 Toyota Sienna,"$72,995",Super White
92,https://www.carpages.ca/new-cars/british-columbia/surrey/2022-jeep-grand-cherokee-9189211/,2022 Jeep Grand Cherokee,"$101,000",Bright White
93,https://www.carpages.ca/used-cars/ontario/kanata/2019-volkswagen-golf-9189094/,2019 Volkswagen Golf,"$35,995",Deep Black Pearl
94,https://www.carpages.ca/used-cars/ontario/ottawa/2021-lexus-ux-9188968/,2021 Lexus UX,"$43,888",Ultra White
95,https://www.carpages.ca/new-cars/ontario/goderich/2022-jeep-grand-cherokee-9187966/,2022 Jeep Grand Cherokee,"$86,190",Silver Zynith
96,https://www.carpages.ca/used-cars/ontario/innisfil/2021-jeep-wrangler-9187846/,2021 Jeep Wrangler,"$61,996",Dark Grey
97,https://www.carpages.ca/new-cars/alberta/edmonton/2023-land-rover-defender-9187792/,2023 Land Rover Defender,"$129,280",Red
98,https://www.carpages.ca/used-cars/alberta/edmonton/2019-lexus-ux-9187480/,2019 Lexus UX,"$45,907",White
99,https://www.carpages.ca/new-cars/british-columbia/richmond/2023-jeep-wrangler-9187438/,2023 Jeep Wrangler,"$69,916",White
100,https://www.carpages.ca/used-cars/ontario/nepean/2017-kia-soul-9187399/,2017 Kia Soul,"$24,495",White
101,https://www.carpages.ca/new-cars/ontario/burlington/2022-ford-f-150-9186802/,2022 Ford F-150,"$82,730",Black
102,https://www.carpages.ca/used-cars/ontario/oakville/2022-tesla-model-s-9186640/,2022 Tesla Model S,"$144,400",Black
103,https://www.carpages.ca/used-cars/ontario/oakville/2014-tesla-model-s-9186637/,2014 Tesla Model S,"$39,950",Blue
104,https://www.carpages.ca/used-cars/ontario/oakville/2021-tesla-model-y-9186454/,2021 Tesla Model Y,"$78,700",Grey
105,https://www.carpages.ca/used-cars/ontario/london/2019-toyota-rav4-9186283/,2019 Toyota RAV4,"$43,995",Red
106,https://www.carpages.ca/used-cars/ontario/hamilton/2012-kia-optima-9186193/,2012 Kia Optima,"$13,900",Blue
107,https://www.carpages.ca/used-cars/manitoba/winnipeg/2022-tesla-model-y-9186037/,2022 Tesla Model Y,"$99,982",Red Multi-Coat
108,https://www.carpages.ca/used-cars/ontario/bolton/2020-ram-1500-9185275/,2020 RAM 1500,"$38,998",Gray
109,https://www.carpages.ca/used-cars/nova-scotia/halifax/2021-ford-escape-9184348/,2021 Ford Escape,"$41,695",
110,https://www.carpages.ca/used-cars/nova-scotia/halifax/2020-ford-escape-9184345/,2020 Ford Escape,"$39,998",Silver
111,https://www.carpages.ca/used-cars/ontario/oakville/2022-tesla-model-3-9183874/,2022 Tesla Model 3,"$62,980",White
112,https://www.carpages.ca/new-cars/manitoba/brandon/2022-ford-escape-9183799/,2022 Ford Escape,"$49,423",Oxford White
113,https://www.carpages.ca/new-cars/manitoba/brandon/2022-ford-f-150-9183778/,2022 Ford F-150,"$65,880",Oxford White
114,https://www.carpages.ca/new-cars/manitoba/brandon/2022-ford-f-150-9183775/,2022 Ford F-150,"$66,955",Agate Black Metallic
115,https://www.carpages.ca/new-cars/manitoba/brandon/2022-ford-f-150-9183772/,2022 Ford F-150,"$61,305",Iconic Silver Metallic
116,https://www.carpages.ca/new-cars/ontario/mississauga/2022-ford-f-150-9183730/,2022 Ford F-150,"$60,685",Oxford White
117,https://www.carpages.ca/new-cars/british-columbia/fort-st-john/2022-ford-f-150-9183469/,2022 Ford F-150,"$101,515",Iced Blue Silver Metallic
118,https://www.carpages.ca/new-cars/british-columbia/abbotsford/2023-hyundai-kona-9183457/,2023 Hyundai KONA,"$51,424",Galatic Grey
119,https://www.carpages.ca/used-cars/ontario/north-york/2020-tesla-model-y-9182716/,2020 Tesla Model Y,"$82,995",Pearl White Multi-Coat
120,https://www.carpages.ca/used-cars/alberta/edmonton/2019-hyundai-kona-9182014/,2019 Hyundai KONA,"$49,997",White
121,https://www.carpages.ca/used-cars/ontario/kitchener/2013-lexus-ct-200h-9181291/,2013 Lexus CT 200h,"$21,999",Silver
122,https://www.carpages.ca/used-cars/ontario/toronto/2020-ford-fusion-hybrid-9180988/,2020 Ford Fusion Hybrid,"$32,995",White
123,https://www.carpages.ca/used-cars/ontario/burlington/2014-lincoln-mkz-9180811/,2014 Lincoln MKZ,"$16,888",Black
124,https://www.carpages.ca/used-cars/nova-scotia/truro/2019-kia-niro-9180394/,2019 Kia NIRO,"$36,995",Green
125,https://www.carpages.ca/used-cars/ontario/london/2022-hyundai-tucson-hybrid-9180346/,2022 Hyundai Tucson Hybrid,"$54,995",Black
126,https://www.carpages.ca/new-cars/manitoba/brandon/2022-ford-escape-9179431/,2022 Ford Escape,"$45,369",STAR WHITE METALLIC TRI-COAT
127,https://www.carpages.ca/new-cars/ontario/ottawa/2022-ford-f-150-9179368/,2022 Ford F-150,"$68,195",Oxford White
128,https://www.carpages.ca/new-cars/ontario/ottawa/2022-ford-f-150-9179365/,2022 Ford F-150,"$68,735",Rapid Red Metallic Tinted Clearcoat
129,https://www.carpages.ca/new-cars/ontario/ottawa/2022-ford-f-150-9179347/,2022 Ford F-150,"$66,745",Oxford White
130,https://www.carpages.ca/used-cars/quebec/saint-hubert/2015-nissan-leaf-9178819/,2015 Nissan Leaf,"$18,950",Cayenne Red Metallic
131,https://www.carpages.ca/used-cars/ontario/vaughan/2021-tesla-model-y-9178807/,2021 Tesla Model Y,"$79,910",Grey
132,https://www.carpages.ca/new-cars/ontario/midland/2022-hyundai-santa-fe-9178624/,2022 Hyundai Santa Fe,"$41,699",White
133,https://www.carpages.ca/used-cars/ontario/oakville/2014-ford-fusion-9178582/,2014 Ford Fusion,"$6,449",White
134,https://www.carpages.ca/used-cars/ontario/waterloo/2016-ford-c-max-9178504/,2016 Ford C-MAX,"$19,900",White
135,https://www.carpages.ca/new-cars/ontario/kitchener/2022-ford-f-150-9178453/,2022 Ford F-150,"$79,490",White
136,https://www.carpages.ca/new-cars/manitoba/winnipeg/2023-lexus-es-300-9178291/,2023 Lexus ES 300,"$67,902",Caviar
137,https://www.carpages.ca/new-cars/manitoba/winnipeg/2023-lexus-es-300-9178288/,2023 Lexus ES 300,"$63,802",Ultra White
138,https://www.carpages.ca/new-cars/manitoba/winnipeg/2023-lexus-es-300-9178285/,2023 Lexus ES 300,"$59,152",Ultra White
139,https://www.carpages.ca/new-cars/manitoba/winnipeg/2023-lexus-es-300-9178261/,2023 Lexus ES 300,"$63,952",Ultra White
140,https://www.carpages.ca/new-cars/manitoba/winnipeg/2023-lexus-es-300-9178258/,2023 Lexus ES 300,"$57,302",Caviar
141,https://www.carpages.ca/used-cars/ontario/mississauga/2022-ford-f-150-9177019/,2022 Ford F-150,"$126,900",Agate Black Metallic
142,https://www.carpages.ca/used-cars/british-columbia/surrey/2022-tesla-model-3-9176719/,2022 Tesla Model 3,"$78,987",Grey
143,https://www.carpages.ca/used-cars/ontario/scarborough/2011-cadillac-escalade-9176119/,2011 Cadillac Escalade,"$15,950",Grey
144,https://www.carpages.ca/used-cars/ontario/mississauga/2022-hyundai-elantra-9175906/,2022 Hyundai Elantra,"$40,995",SPACE BLACK
145,https://www.carpages.ca/used-cars/ontario/mississauga/2023-hyundai-elantra-9175891/,2023 Hyundai Elantra,"$43,995",Cyber Grey
146,https://www.carpages.ca/new-cars/newfoundland-and-labrador/st-john-s/2023-mercedes-benz-gle-9175681/,2023 Mercedes-Benz GLE,"$105,358",Emerald Green Metallic
147,https://www.carpages.ca/used-cars/ontario/new-hamburg/2015-ford-focus-9175672/,2015 Ford Focus,"$15,699",Blue Candy Tinted Clearcoat
148,https://www.carpages.ca/new-cars/ontario/ottawa/2022-ford-f-150-9175651/,2022 Ford F-150,"$62,900",Carbonized Grey Metallic
149,https://www.carpages.ca/new-cars/ontario/ottawa/2022-ford-f-150-9175642/,2022 Ford F-150,"$68,745",Rapid Red Metallic Tinted Clearcoat
150,https://www.carpages.ca/new-cars/saskatchewan/moose-jaw/2022-ford-f-150-9175477/,2022 Ford F-150,"$90,835",Agate Black Metallic
151,https://www.carpages.ca/new-cars/british-columbia/abbotsford/2023-hyundai-ioniq-5-9175378/,2023 Hyundai IONIQ 5,"$62,924",PHANTOM BLACK
152,https://www.carpages.ca/new-cars/alberta/high-river/2022-toyota-rav4-9175348/,2022 Toyota RAV4,"$49,505",Blizzard Pearl
153,https://www.carpages.ca/used-cars/manitoba/winnipeg/2020-ford-escape-9174820/,2020 Ford Escape,"$39,287",Black
154,https://www.carpages.ca/used-cars/british-columbia/surrey/2020-tesla-model-3-9174553/,2020 Tesla Model 3,"$54,987",Grey
155,https://www.carpages.ca/new-cars/alberta/edmonton/2022-ram-1500-9174301/,2022 RAM 1500,"$63,970",Black
156,https://www.carpages.ca/new-cars/alberta/edmonton/2022-ford-f-150-9174148/,2022 Ford F-150,"$83,250",Black
157,https://www.carpages.ca/used-cars/alberta/edmonton/2015-ford-focus-9174031/,2015 Ford Focus,"$22,998",Red
158,https://www.carpages.ca/new-cars/ontario/burlington/2022-ford-f-150-9173356/,2022 Ford F-150,"$87,050",Grey
159,https://www.carpages.ca/used-cars/ontario/toronto/2019-hyundai-ioniq-hybrid-9172849/,2019 Hyundai Ioniq Hybrid,"$25,990",Silver
160,https://www.carpages.ca/new-cars/ontario/guelph/2023-jeep-wrangler-9172633/,2023 Jeep Wrangler,"$71,885",Sting-Grey
161,https://www.carpages.ca/used-cars/ontario/guelph/2017-toyota-prius-9172570/,2017 Toyota Prius,"$32,998",Red
162,https://www.carpages.ca/used-cars/british-columbia/surrey/2021-ford-f-150-9171988/,2021 Ford F-150,"$86,897",Red
163,https://www.carpages.ca/new-cars/ontario/new-hamburg/2022-jeep-grand-cherokee-9171730/,2022 Jeep Grand Cherokee,"$82,275",Black
164,https://www.carpages.ca/new-cars/ontario/watford/2022-ford-escape-9171460/,2022 Ford Escape,"$45,599",Silver
165,https://www.carpages.ca/used-cars/ontario/mississauga/2021-porsche-cayenne-9170659/,2021 Porsche Cayenne,"$121,037",Black
166,https://www.carpages.ca/used-cars/ontario/mississauga/2018-audi-a3-9170632/,2018 Audi A3,"$40,511",White
167,https://www.carpages.ca/used-cars/ontario/mississauga/2017-chevrolet-volt-9170317/,2017 Chevrolet Volt,"$26,999",White
168,https://www.carpages.ca/new-cars/british-columbia/abbotsford/2023-hyundai-kona-9170110/,2023 Hyundai KONA,"$46,324",Atlas White
169,https://www.carpages.ca/used-cars/british-columbia/surrey/2022-hyundai-ioniq-5-9170047/,2022 Hyundai IONIQ 5,"$89,998",Silver
170,https://www.carpages.ca/new-cars/ontario/simcoe/2022-hyundai-tucson-hybrid-9169456/,2022 Hyundai Tucson Hybrid,"$44,888",Shimmering Silver Metallic
171,https://www.carpages.ca/new-cars/ontario/kanata/2022-jeep-grand-cherokee-9168940/,2022 Jeep Grand Cherokee,"$85,194",Sport Red
172,https://www.carpages.ca/used-cars/british-columbia/richmond/2022-kia-ev6-9168400/,2022 Kia EV6,"$86,741",White
173,https://www.carpages.ca/used-cars/british-columbia/richmond/2019-tesla-model-3-9168379/,2019 Tesla Model 3,"$54,595",Solid Black
174,https://www.carpages.ca/used-cars/british-columbia/richmond/2019-tesla-model-s-9168382/,2019 Tesla Model S,"$80,888",Deep Blue Metallic
175,https://www.carpages.ca/used-cars/ontario/markham/2020-porsche-taycan-9168283/,2020 Porsche Taycan,"$146,295",Carrara White Metallic
176,https://www.carpages.ca/new-cars/ontario/kingston/2022-ford-mustang-mach-e-9168037/,2022 Ford Mustang MACH-E,"$88,190",Dark Matter Grey Metallic
177,https://www.carpages.ca/used-cars/ontario/kingston/2016-chevrolet-volt-9167983/,2016 Chevrolet Volt,"$24,990",White
178,https://www.carpages.ca/used-cars/saskatchewan/prince-albert/2019-ford-fusion-9167818/,2019 Ford Fusion,"$34,495",White
179,https://www.carpages.ca/used-cars/ontario/oakville/2020-toyota-highlander-9167779/,2020 Toyota Highlander,"$64,998",White
180,https://www.carpages.ca/new-cars/ontario/tilbury/2022-ford-f-150-9167434/,2022 Ford F-150,"$83,050",White
181,https://www.carpages.ca/new-cars/ontario/tilbury/2022-ford-escape-9167431/,2022 Ford Escape,"$41,719",White
182,https://www.carpages.ca/used-cars/ontario/oakville/2021-bmw-x3-9167287/,2021 BMW X3,"$62,400",Silver
183,https://www.carpages.ca/new-cars/ontario/burlington/2022-ford-escape-9166852/,2022 Ford Escape,"$48,849",Black
184,https://www.carpages.ca/new-cars/ontario/burlington/2022-ford-escape-9166849/,2022 Ford Escape,"$49,424",White
185,https://www.carpages.ca/used-cars/ontario/welland/2020-toyota-highlander-9166681/,2020 Toyota Highlander,"$56,989",Silver
186,https://www.carpages.ca/used-cars/ontario/kitchener/2022-ford-f-150-9166663/,2022 Ford F-150,"$62,888",Grey
187,https://www.carpages.ca/used-cars/ontario/chatham/2021-lexus-ux-9165940/,2021 Lexus UX,"$45,999",White
188,https://www.carpages.ca/new-cars/manitoba/winnipeg/2023-lexus-ux-9165928/,2023 Lexus UX,"$48,035",Ultra White w/Obsidian Roof
189,https://www.carpages.ca/new-cars/manitoba/winnipeg/2023-lexus-ux-9165919/,2023 Lexus UX,"$47,885",Ultra White w/Obsidian Roof
190,https://www.carpages.ca/used-cars/ontario/mississauga/2022-ford-f-150-9165865/,2022 Ford F-150,"$127,999",Blue
191,https://www.carpages.ca/used-cars/manitoba/winnipeg/2021-toyota-sienna-9165817/,2021 Toyota Sienna,"$78,400",Midnight Black Metallic
192,https://www.carpages.ca/used-cars/british-columbia/sechelt/2018-kia-niro-9163951/,2018 Kia NIRO,"$30,634",Black
193,https://www.carpages.ca/used-cars/ontario/cobourg/2019-toyota-prius-9163918/,2019 Toyota Prius,"$37,929",Grey
194,https://www.carpages.ca/used-cars/ontario/cobourg/2020-toyota-highlander-9163915/,2020 Toyota Highlander,"$64,989",Blue
195,https://www.carpages.ca/used-cars/ontario/midland/2021-ford-f-150-9163855/,2021 Ford F-150,"$66,995",Black
196,https://www.carpages.ca/used-cars/ontario/stittsville/2016-toyota-highlander-9163270/,2016 Toyota Highlander,"$38,999",
197,https://www.carpages.ca/new-cars/ontario/huntsville/2023-hyundai-sonata-9163210/,2023 Hyundai Sonata,"$42,974",White
198,https://www.carpages.ca/used-cars/ontario/waterloo/2015-ford-c-max-9162403/,2015 Ford C-MAX,"$19,488",Red
199,https://www.carpages.ca/used-cars/british-columbia/abbotsford/2020-toyota-corolla-9162181/,2020 Toyota Corolla,"$37,995",White
200,https://www.carpages.ca/used-cars/ontario/brampton/2017-toyota-camry-9162172/,2017 Toyota Camry,"$27,900",Black
201,https://www.carpages.ca/used-cars/ontario/burlington/2022-kia-sorento-9161917/,2022 Kia Sorento,"$67,998",Black
202,https://www.carpages.ca/used-cars/ontario/ancaster/2015-lexus-ct-200h-9161764/,2015 Lexus CT 200h,"$23,349",Grey
203,https://www.carpages.ca/used-cars/ontario/ancaster/2014-lexus-ct-200h-9161746/,2014 Lexus CT 200h,"$24,288",
204,https://www.carpages.ca/used-cars/new-brunswick/saint-john/2013-hyundai-sonata-hybrid-9161308/,2013 Hyundai Sonata Hybrid,"$6,995",White
205,https://www.carpages.ca/used-cars/ontario/welland/2021-toyota-rav4-9161077/,2021 Toyota RAV4,"$56,989",Black
206,https://www.carpages.ca/used-cars/ontario/oakville/2019-tesla-model-s-9160702/,2019 Tesla Model S,"$86,950",Black
207,https://www.carpages.ca/used-cars/ontario/thunder-bay/2020-ford-escape-9160384/,2020 Ford Escape,"$39,900",Silver
208,https://www.carpages.ca/used-cars/ontario/hamilton/2020-ford-escape-9160216/,2020 Ford Escape,"$43,999",Black
209,https://www.carpages.ca/used-cars/saskatchewan/regina/2019-toyota-highlander-9159661/,2019 Toyota Highlander,"$61,900",Brown
210,https://www.carpages.ca/used-cars/saskatchewan/regina/2022-lexus-nx-9159658/,2022 Lexus NX,"$77,900",Green
211,https://www.carpages.ca/used-cars/ontario/goderich/2018-toyota-camry-9158191/,2018 Toyota Camry,"$32,995",Red
212,https://www.carpages.ca/used-cars/ontario/goderich/2016-toyota-prius-9158170/,2016 Toyota Prius,"$29,500",Black
213,https://www.carpages.ca/new-cars/manitoba/winnipeg/2023-audi-q5-9157639/,2023 Audi Q5,"$72,244",Glacier White Metallic
214,https://www.carpages.ca/new-cars/manitoba/winnipeg/2023-audi-q5-9157633/,2023 Audi Q5,"$73,494",Glacier White Metallic
215,https://www.carpages.ca/new-cars/manitoba/winnipeg/2023-audi-q8-9157627/,2023 Audi Q8,"$111,309",Mythos Black Metallic
216,https://www.carpages.ca/new-cars/manitoba/winnipeg/2023-audi-q5-9157618/,2023 Audi Q5,"$59,894",Manhattan Gray Metallic
217,https://www.carpages.ca/new-cars/manitoba/winnipeg/2023-audi-q5-9157612/,2023 Audi Q5,"$76,744",Navarra Blue Metallic
218,https://www.carpages.ca/new-cars/manitoba/winnipeg/2023-audi-q5-9157606/,2023 Audi Q5,"$73,494",Chronos Gray Metallic
219,https://www.carpages.ca/new-cars/manitoba/winnipeg/2023-audi-q5-9157594/,2023 Audi Q5,"$75,544",Mythos Black Metallic
220,https://www.carpages.ca/new-cars/manitoba/winnipeg/2023-audi-q7-9157588/,2023 Audi Q7,"$109,409",Mythos Black Metallic
221,https://www.carpages.ca/new-cars/manitoba/winnipeg/2023-audi-q5-9157573/,2023 Audi Q5,"$74,344",Chronos Gray Metallic
222,https://www.carpages.ca/new-cars/manitoba/winnipeg/2023-audi-q5-9157570/,2023 Audi Q5,"$72,094",Daytona Gray Pearl
223,https://www.carpages.ca/new-cars/manitoba/winnipeg/2023-audi-q7-9157561/,2023 Audi Q7,"$110,609",Satellite Silver Metallic
224,https://www.carpages.ca/new-cars/manitoba/winnipeg/2023-audi-q5-9157558/,2023 Audi Q5,"$65,244",Daytona Gray Pearl
225,https://www.carpages.ca/new-cars/manitoba/winnipeg/2023-audi-q5-9157555/,2023 Audi Q5,"$74,694",Mythos Black Metallic
226,https://www.carpages.ca/new-cars/manitoba/winnipeg/2023-audi-a3-9157546/,2023 Audi A3,"$56,694",Navarra Blue Metallic
227,https://www.carpages.ca/new-cars/manitoba/winnipeg/2023-audi-q5-9157543/,2023 Audi Q5,"$71,244",Mythos Black Metallic
228,https://www.carpages.ca/new-cars/manitoba/winnipeg/2023-audi-q5-9157519/,2023 Audi Q5,"$75,844",Mythos Black Metallic
229,https://www.carpages.ca/new-cars/manitoba/winnipeg/2023-audi-q5-9157504/,2023 Audi Q5,"$59,894",Navarra Blue Metallic
230,https://www.carpages.ca/used-cars/manitoba/winnipeg/2020-mercedes-benz-e-class-9157408/,2020 Mercedes-Benz E-Class,"$95,000",Black
231,https://www.carpages.ca/used-cars/british-columbia/surrey/2015-chevrolet-volt-9156571/,2015 Chevrolet Volt,"$29,900",
232,https://www.carpages.ca/used-cars/ontario/belleville/2020-ford-fusion-9156277/,2020 Ford Fusion,"$26,995",Blue
233,https://www.carpages.ca/used-cars/ontario/belleville/2020-ford-fusion-9156259/,2020 Ford Fusion,"$30,495",Black
234,https://www.carpages.ca/used-cars/ontario/belleville/2020-ford-escape-9156253/,2020 Ford Escape,"$39,995",Black
235,https://www.carpages.ca/used-cars/nova-scotia/halifax/2021-ford-f-150-9156064/,2021 Ford F-150,"$81,986",White
236,https://www.carpages.ca/new-cars/manitoba/brandon/2022-ford-f-150-9155758/,2022 Ford F-150,"$61,320",Iconic Silver Metallic
237,https://www.carpages.ca/new-cars/ontario/ottawa/2022-ford-f-150-9155605/,2022 Ford F-150,"$84,540",Agate Black Metallic
238,https://www.carpages.ca/used-cars/ontario/mississauga/2018-ford-f-150-9155527/,2018 Ford F-150,"$32,998",White Platinum Metallic Tri-Coat
239,https://www.carpages.ca/used-cars/ontario/mississauga/2019-ford-f-150-9155521/,2019 Ford F-150,"$43,998",
240,https://www.carpages.ca/used-cars/alberta/edmonton/2021-ford-explorer-9154021/,2021 Ford Explorer,"$58,543",White
241,https://www.carpages.ca/new-cars/alberta/edmonton/2022-ford-mustang-mach-e-9154009/,2022 Ford Mustang MACH-E,"$89,280",Grey
242,https://www.carpages.ca/new-cars/alberta/edmonton/2022-ford-mustang-mach-e-9154000/,2022 Ford Mustang MACH-E,"$86,990",Blue
243,https://www.carpages.ca/new-cars/manitoba/winnipeg/2022-ford-mustang-mach-e-9153451/,2022 Ford Mustang MACH-E,"$92,690",SHADOW BLACK
244,https://www.carpages.ca/new-cars/manitoba/winnipeg/2022-ford-mustang-mach-e-9153448/,2022 Ford Mustang MACH-E,"$92,690",Iced Blue Silver Metallic
245,https://www.carpages.ca/used-cars/ontario/cambridge/2019-toyota-rav4-9153022/,2019 Toyota RAV4,"$38,989",Gray
246,https://www.carpages.ca/used-cars/ontario/scarborough/2013-lexus-gs-450h-hybrid-9152770/,2013 Lexus GS 450H HYBRID,"$28,895",Black
247,https://www.carpages.ca/new-cars/manitoba/winnipeg/2022-audi-q7-9152365/,2022 Audi Q7,"$91,159",Navarra Blue Metallic
248,https://www.carpages.ca/new-cars/manitoba/winnipeg/2023-audi-s8-9152356/,2023 Audi S8,"$174,599",Daytona Gray Pearl Effect
249,https://www.carpages.ca/new-cars/manitoba/winnipeg/2023-audi-a3-9152353/,2023 Audi A3,"$58,994",Glacier White Metallic
250,https://www.carpages.ca/new-cars/manitoba/winnipeg/2022-audi-q7-9152350/,2022 Audi Q7,"$94,359",Daytona Gray Pearl Effect
251,https://www.carpages.ca/new-cars/manitoba/winnipeg/2022-audi-q7-9152347/,2022 Audi Q7,"$91,859",Navarra Blue Metallic
252,https://www.carpages.ca/new-cars/manitoba/winnipeg/2023-audi-q7-9152344/,2023 Audi Q7,"$109,409",Glacier White Metallic
253,https://www.carpages.ca/new-cars/manitoba/winnipeg/2023-audi-a3-9152335/,2023 Audi A3,"$59,944",Daytona Gray Pearl Effect
254,https://www.carpages.ca/used-cars/ontario/toronto/2015-chevrolet-volt-9151627/,2015 Chevrolet Volt,"$15,999",Black
255,https://www.carpages.ca/new-cars/manitoba/brandon/2022-ford-f-150-9151315/,2022 Ford F-150,"$69,785",Gray
256,https://www.carpages.ca/used-cars/ontario/sudbury/2020-tesla-model-3-9151090/,2020 Tesla Model 3,"$73,425",White
257,https://www.carpages.ca/used-cars/alberta/high-river/2017-toyota-prius-9150907/,2017 Toyota Prius,"$24,995",Hypersonic Red
258,https://www.carpages.ca/used-cars/ontario/kanata/2019-hyundai-kona-9150895/,2019 Hyundai KONA,"$44,980",
259,https://www.carpages.ca/used-cars/ontario/vaughan/2019-tesla-model-x-9150388/,2019 Tesla Model X,"$111,888",Solid Black
260,https://www.carpages.ca/used-cars/ontario/mississauga/2022-chevrolet-bolt-9150214/,2022 Chevrolet Bolt,"$53,889",Silver Flare Metallic
261,https://www.carpages.ca/used-cars/quebec/saint-hubert/2021-tesla-model-3-9150193/,2021 Tesla Model 3,"$60,980",Solid Black
262,https://www.carpages.ca/used-cars/quebec/saint-hubert/2019-chevrolet-bolt-9150178/,2019 Chevrolet Bolt,"$40,980",Grey
263,https://www.carpages.ca/used-cars/british-columbia/surrey/2022-toyota-camry-9150070/,2022 Toyota Camry,"$45,987",White
264,https://www.carpages.ca/new-cars/ontario/listowel/2022-ford-mustang-mach-e-9150016/,2022 Ford Mustang MACH-E,"$93,080",STAR WHITE MET TRI-COAT
265,https://www.carpages.ca/new-cars/ontario/north-bay/2023-hyundai-elantra-9149992/,2023 Hyundai Elantra,"$31,124",Fluid Metal
266,https://www.carpages.ca/new-cars/alberta/edmonton/2023-hyundai-kona-9149872/,2023 Hyundai KONA,"$54,999",White
267,https://www.carpages.ca/new-cars/alberta/edmonton/2023-hyundai-kona-9149869/,2023 Hyundai KONA,"$54,999",White
268,https://www.carpages.ca/new-cars/alberta/red-deer/2022-ford-mustang-mach-e-9149779/,2022 Ford Mustang MACH-E,"$98,895",White
269,https://www.carpages.ca/new-cars/manitoba/winnipeg/2023-hyundai-tucson-9149707/,2023 Hyundai Tucson,"$50,524",Crystal White
270,https://www.carpages.ca/new-cars/manitoba/winnipeg/2023-hyundai-tucson-9149704/,2023 Hyundai Tucson,"$48,124",Crystal White
271,https://www.carpages.ca/new-cars/manitoba/winnipeg/2023-hyundai-tucson-hybrid-9149698/,2023 Hyundai Tucson Hybrid,"$45,774",Crystal White
272,https://www.carpages.ca/new-cars/manitoba/winnipeg/2023-hyundai-tucson-hybrid-9149692/,2023 Hyundai Tucson Hybrid,"$43,374",Crystal White
273,https://www.carpages.ca/new-cars/manitoba/winnipeg/2023-hyundai-santa-fe-9149689/,2023 Hyundai Santa Fe,"$53,324",Serenity White
274,https://www.carpages.ca/new-cars/manitoba/winnipeg/2023-hyundai-santa-fe-9149686/,2023 Hyundai Santa Fe,"$48,324",Serenity White
275,https://www.carpages.ca/used-cars/ontario/oakville/2018-tesla-model-3-9149035/,2018 Tesla Model 3,"$68,950",White
276,https://www.carpages.ca/used-cars/ontario/kitchener/2010-lexus-rx-450h-9149002/,2010 Lexus RX 450h,"$19,880",Red
277,https://www.carpages.ca/used-cars/ontario/oakville/2022-chevrolet-bolt-9148762/,2022 Chevrolet Bolt,"$56,950",Grey
278,https://www.carpages.ca/used-cars/ontario/oakville/2022-polestar-2-9148747/,2022 Polestar 2,"$69,700",Grey
279,https://www.carpages.ca/used-cars/british-columbia/abbotsford/2020-tesla-model-3-9148696/,2020 Tesla Model 3,"$55,995",White
280,https://www.carpages.ca/used-cars/ontario/guelph/2019-nissan-leaf-9148693/,2019 Nissan Leaf,"$34,900",Blue
281,https://www.carpages.ca/used-cars/ontario/oakville/2018-tesla-model-3-9148684/,2018 Tesla Model 3,"$54,995",Blue
282,https://www.carpages.ca/new-cars/nova-scotia/port-hawkesbury/2022-ford-f-150-9148633/,2022 Ford F-150,"$101,315",Iced Blue Silver Metallic
283,https://www.carpages.ca/used-cars/ontario/ottawa/2012-toyota-prius-c-9148609/,2012 Toyota Prius c,"$10,900",Gray
284,https://www.carpages.ca/used-cars/ontario/oakville/2020-tesla-model-3-9148135/,2020 Tesla Model 3,"$74,950",White
285,https://www.carpages.ca/used-cars/ontario/mississauga/2020-ford-fusion-9148114/,2020 Ford Fusion,"$32,795",Black
286,https://www.carpages.ca/used-cars/ontario/mississauga/2022-hyundai-tucson-hybrid-9148105/,2022 Hyundai Tucson Hybrid,"$59,995",Crimson Red
287,https://www.carpages.ca/used-cars/ontario/mississauga/2021-toyota-venza-9148090/,2021 Toyota Venza,"$54,995",Red
288,https://www.carpages.ca/used-cars/ontario/guelph/2017-toyota-prius-9147979/,2017 Toyota Prius,"$29,988",Blue
289,https://www.carpages.ca/new-cars/manitoba/brandon/2022-ford-f-150-9147241/,2022 Ford F-150,"$69,594",Space White Metallic
290,https://www.carpages.ca/new-cars/manitoba/brandon/2022-ford-f-150-9147238/,2022 Ford F-150,"$57,019",Gray
291,https://www.carpages.ca/used-cars/ontario/brampton/2021-ford-mustang-mach-e-9146608/,2021 Ford Mustang MACH-E,"$67,995",White
292,https://www.carpages.ca/used-cars/ontario/whitby/2018-nissan-leaf-9146557/,2018 Nissan Leaf,"$35,988",Scarlet Ember
293,https://www.carpages.ca/used-cars/ontario/kingston/2022-toyota-rav4-9145942/,2022 Toyota RAV4,"$56,488",Red
294,https://www.carpages.ca/used-cars/ontario/scarborough/2022-toyota-highlander-hybrid-9145936/,2022 Toyota Highlander Hybrid,"$74,895",White
295,https://www.carpages.ca/used-cars/ontario/kingston/2022-toyota-prius-9145924/,2022 Toyota Prius,"$43,988",Gray
296,https://www.carpages.ca/used-cars/ontario/concord/2021-ford-escape-9145666/,2021 Ford Escape,"$42,995",White
297,https://www.carpages.ca/used-cars/ontario/kitchener/2018-toyota-highlander-9145105/,2018 Toyota Highlander,"$43,880",Black
298,https://www.carpages.ca/new-cars/saskatchewan/kindersley/2022-ford-f-150-9144241/,2022 Ford F-150,"$94,334",Star White Tri-Coat
299,https://www.carpages.ca/new-cars/saskatchewan/kindersley/2022-ford-f-150-9144238/,2022 Ford F-150,"$90,984",Antimatter Blue Metallic
300,https://www.carpages.ca/used-cars/ontario/oakville/2021-toyota-rav4-9143254/,2021 Toyota RAV4,"$72,980",Red
301,https://www.carpages.ca/new-cars/ontario/ottawa/2022-ford-f-150-9143167/,2022 Ford F-150,"$83,310",Oxford White
302,https://www.carpages.ca/new-cars/british-columbia/vancouver/2023-mercedes-benz-e-class-9143029/,2023 Mercedes-Benz E-Class,"$206,572",Obsidian Black Metallic
303,https://www.carpages.ca/used-cars/british-columbia/coquitlam/2021-tesla-model-y-9142993/,2021 Tesla Model Y,"$93,449",
304,https://www.carpages.ca/used-cars/british-columbia/vancouver/2023-hyundai-kona-9142504/,2023 Hyundai KONA,"$57,980",Gray
305,https://www.carpages.ca/used-cars/ontario/markham/2022-tesla-model-y-9142447/,2022 Tesla Model Y,"$89,795",White
306,https://www.carpages.ca/used-cars/british-columbia/surrey/2022-ford-e-transit-cargo-van-9142171/,2022 Ford E-Transit Cargo Van,"$88,997",White
307,https://www.carpages.ca/used-cars/alberta/edmonton/2022-land-rover-evoque-9142054/,2022 Land Rover Evoque,"$74,995",Grey
308,https://www.carpages.ca/new-cars/alberta/edmonton/2023-hyundai-tucson-hybrid-9141988/,2023 Hyundai Tucson Hybrid,"$53,999",
309,https://www.carpages.ca/new-cars/alberta/edmonton/2022-hyundai-tucson-hybrid-9141973/,2022 Hyundai Tucson Hybrid,"$49,999",Grey
310,https://www.carpages.ca/used-cars/alberta/edmonton/2021-tesla-model-3-9141718/,2021 Tesla Model 3,"$63,900",Grey
311,https://www.carpages.ca/used-cars/manitoba/winnipeg/2021-ford-explorer-9141589/,2021 Ford Explorer,"$55,750",Agate Black Metallic
312,https://www.carpages.ca/used-cars/ontario/thornhill/2015-bmw-i8-9140521/,2015 BMW i8,"$87,997",Black
313,https://www.carpages.ca/used-cars/manitoba/brandon/2018-ford-focus-9140044/,2018 Ford Focus,"$19,999",
314,https://www.carpages.ca/new-cars/saskatchewan/regina/2022-ford-escape-9139897/,2022 Ford Escape,"$50,049",Carbonized Grey Metallic
315,https://www.carpages.ca/used-cars/ontario/kanata/2020-toyota-rav4-9139591/,2020 Toyota RAV4,"$46,888",Black
316,https://www.carpages.ca/used-cars/british-columbia/coquitlam/2022-tesla-model-y-9139528/,2022 Tesla Model Y,"$97,040",
317,https://www.carpages.ca/used-cars/saskatchewan/paradise-hill/2021-ford-f-150-9139489/,2021 Ford F-150,"$69,800",Carbonized Grey Metallic
318,https://www.carpages.ca/used-cars/ontario/brampton/2018-smart-fortwo-9138925/,2018 Smart fortwo,"$21,495",Lava Orange Metallic
319,https://www.carpages.ca/new-cars/ontario/listowel/2023-jeep-wrangler-9138631/,2023 Jeep Wrangler,"$65,080",Silver Zynith Clear Coat
320,https://www.carpages.ca/used-cars/british-columbia/richmond/2023-jeep-wrangler-9138475/,2023 Jeep Wrangler,"$73,100",Grey
321,https://www.carpages.ca/used-cars/ontario/london/2019-chevrolet-bolt-ev-9138043/,2019 Chevrolet Bolt EV,"$45,990",Silver
322,https://www.carpages.ca/used-cars/ontario/perth/2016-toyota-rav4-9137686/,2016 Toyota RAV4,"$29,995",Black
323,https://www.carpages.ca/new-cars/saskatchewan/saskatoon/2022-ram-1500-9137500/,2022 RAM 1500,"$78,785",Bright White
324,https://www.carpages.ca/used-cars/manitoba/winnipeg/2019-ford-fusion-9137059/,2019 Ford Fusion,"$33,800",Ruby Red Metallic Tinted Clearcoat
325,https://www.carpages.ca/used-cars/ontario/kitchener/2016-toyota-highlander-9136939/,2016 Toyota Highlander,"$37,557",Burgundy
326,https://www.carpages.ca/used-cars/ontario/kitchener/2019-toyota-camry-9136921/,2019 Toyota Camry,"$34,984",Black
327,https://www.carpages.ca/new-cars/british-columbia/surrey/2023-jeep-wrangler-9136330/,2023 Jeep Wrangler,"$83,501",Bright White
328,https://www.carpages.ca/new-cars/saskatchewan/regina/2022-ford-f-150-9136291/,2022 Ford F-150,"$80,000",Agate Black Metallic
329,https://www.carpages.ca/new-cars/british-columbia/surrey/2022-jeep-grand-cherokee-9136045/,2022 Jeep Grand Cherokee,"$86,700",Silver Zynith
330,https://www.carpages.ca/used-cars/ontario/mississauga/2021-tesla-model-3-9136018/,2021 Tesla Model 3,"$56,900",Solid Black
331,https://www.carpages.ca/used-cars/ontario/mississauga/2021-jeep-wrangler-9136006/,2021 Jeep Wrangler,"$67,900",Bright White
332,https://www.carpages.ca/used-cars/ontario/burlington/2019-tesla-model-s-9135136/,2019 Tesla Model S,"$114,995",
333,https://www.carpages.ca/new-cars/manitoba/swan-river/2022-ford-f-150-9135013/,2022 Ford F-150,"$72,205",Agate Black Metallic
334,https://www.carpages.ca/new-cars/alberta/edmonton/2022-ford-mustang-mach-e-9134869/,2022 Ford Mustang MACH-E,"$86,190",Black
335,https://www.carpages.ca/used-cars/ontario/north-york/2012-toyota-highlander-hybrid-9134698/,2012 Toyota Highlander Hybrid,"$22,999",Grey
336,https://www.carpages.ca/used-cars/manitoba/winnipeg/2021-tesla-model-3-9134692/,2021 Tesla Model 3,"$69,888",Black
337,https://www.carpages.ca/new-cars/nova-scotia/port-hawkesbury/2022-ford-f-150-9134311/,2022 Ford F-150,"$83,250",Iconic Silver Metallic
338,https://www.carpages.ca/used-cars/ontario/north-york/2017-honda-accord-9133951/,2017 Honda Accord,"$24,995",White
339,https://www.carpages.ca/used-cars/ontario/toronto/2018-chevrolet-volt-9133549/,2018 Chevrolet Volt,"$29,988",
340,https://www.carpages.ca/new-cars/ontario/thornhill/2022-jeep-wagoneer-9132463/,2022 Jeep Wagoneer,"$98,985",Gray
341,https://www.carpages.ca/used-cars/ontario/peterborough/2013-ford-f-150-9130918/,2013 Ford F-150,"$24,799",Black
342,https://www.carpages.ca/new-cars/alberta/high-river/2023-toyota-sienna-9130669/,2023 Toyota Sienna,"$61,780",Midnight Black Metallic
343,https://www.carpages.ca/new-cars/alberta/high-river/2023-toyota-sienna-9130666/,2023 Toyota Sienna,"$49,080",Predawn Gray Mica
344,https://www.carpages.ca/new-cars/alberta/high-river/2023-toyota-sienna-9130663/,2023 Toyota Sienna,"$46,540",Blueprint
345,https://www.carpages.ca/new-cars/alberta/high-river/2023-toyota-sienna-9130660/,2023 Toyota Sienna,"$45,380",Ice Cap
346,https://www.carpages.ca/new-cars/alberta/high-river/2023-toyota-sienna-9130657/,2023 Toyota Sienna,"$43,540",Wind Chill Pearl
347,https://www.carpages.ca/used-cars/british-columbia/coquitlam/2020-tesla-model-y-9130540/,2020 Tesla Model Y,"$92,922",
348,https://www.carpages.ca/used-cars/ontario/orillia/2022-toyota-rav4-9130342/,2022 Toyota RAV4,"$55,796",Midnight Black Metallic
349,https://www.carpages.ca/used-cars/alberta/medicine-hat/2021-jeep-wrangler-9129943/,2021 Jeep Wrangler,"$67,998",White
350,https://www.carpages.ca/used-cars/british-columbia/richmond/2022-tesla-model-3-9129874/,2022 Tesla Model 3,"$78,448",Solid Black
351,https://www.carpages.ca/used-cars/ontario/brampton/2022-tesla-model-y-9129832/,2022 Tesla Model Y,"$89,995",Red Multi-Coat
352,https://www.carpages.ca/used-cars/british-columbia/surrey/2021-ram-1500-9129538/,2021 RAM 1500,"$74,999",Black
353,https://www.carpages.ca/new-cars/ontario/north-bay/2022-hyundai-tucson-hybrid-9129517/,2022 Hyundai Tucson Hybrid,"$41,224",Crimson Red
354,https://www.carpages.ca/new-cars/alberta/red-deer/2022-ford-mustang-mach-e-9129199/,2022 Ford Mustang MACH-E,"$102,275",White
355,https://www.carpages.ca/used-cars/manitoba/winnipeg/2020-ford-escape-9129145/,2020 Ford Escape,"$37,992",Ingot Silver Metallic
356,https://www.carpages.ca/used-cars/alberta/edmonton/2019-toyota-rav4-9129142/,2019 Toyota RAV4,"$35,900",Silver
357,https://www.carpages.ca/used-cars/ontario/guelph/2018-hyundai-ioniq-9128323/,2018 Hyundai IONIQ,"$32,800",Grey
358,https://www.carpages.ca/used-cars/ontario/london/2013-tesla-model-s-9128275/,2013 Tesla Model S,"$32,995",Red
359,https://www.carpages.ca/used-cars/nova-scotia/dartmouth/2019-kia-niro-9128206/,2019 Kia NIRO,"$31,977",Gray
360,https://www.carpages.ca/used-cars/ontario/toronto/2014-tesla-model-s-9127339/,2014 Tesla Model S,"$36,880",Blue
361,https://www.carpages.ca/used-cars/nova-scotia/halifax/2011-hyundai-sonata-9126562/,2011 Hyundai Sonata,"$6,995",Silver Frost Metallic
362,https://www.carpages.ca/new-cars/saskatchewan/regina/2022-ford-explorer-9126241/,2022 Ford Explorer,"$63,699",STAR WHITE METALLIC TRI-COAT
363,https://www.carpages.ca/used-cars/british-columbia/port-coquitlam/2020-tesla-model-3-9126196/,2020 Tesla Model 3,"$68,995",Black
364,https://www.carpages.ca/used-cars/ontario/orleans/2021-toyota-highlander-9125815/,2021 Toyota Highlander,"$63,995",Midnight Black Metallic
365,https://www.carpages.ca/used-cars/ontario/ottawa/2018-nissan-leaf-9125791/,2018 Nissan Leaf,"$36,386",Red
366,https://www.carpages.ca/used-cars/ontario/waterloo/2021-tesla-model-y-9125287/,2021 Tesla Model Y,"$81,942",Pearl White Multi-Coat
367,https://www.carpages.ca/new-cars/alberta/red-deer/2022-lincoln-corsair-9124870/,2022 Lincoln Corsair,"$80,770",White
368,https://www.carpages.ca/used-cars/ontario/nepean/2020-tesla-model-3-9124756/,2020 Tesla Model 3,"$53,898",White
369,https://www.carpages.ca/used-cars/manitoba/winnipeg/2021-tesla-model-s-9124726/,2021 Tesla Model S,"$129,888",Black
370,https://www.carpages.ca/used-cars/ontario/mississauga/2019-toyota-camry-9124711/,2019 Toyota Camry,"$31,499",Midnight Black Metallic
371,https://www.carpages.ca/new-cars/manitoba/winnipeg/2022-hyundai-tucson-hybrid-9124705/,2022 Hyundai Tucson Hybrid,"$42,774",Shimmering Silver
372,https://www.carpages.ca/new-cars/manitoba/winnipeg/2022-hyundai-santa-fe-9124693/,2022 Hyundai Santa Fe,"$45,274",White Cream
373,https://www.carpages.ca/used-cars/ontario/scarborough/2022-tesla-model-3-9123958/,2022 Tesla Model 3,"$76,995",White
374,https://www.carpages.ca/used-cars/ontario/guelph/2020-mitsubishi-outlander-9123172/,2020 Mitsubishi Outlander,"$45,488",Black
375,https://www.carpages.ca/used-cars/ontario/guelph/2020-ford-escape-9123145/,2020 Ford Escape,"$39,995",Grey
376,https://www.carpages.ca/used-cars/newfoundland-and-labrador/corner-brook/2016-kia-optima-9122389/,2016 Kia Optima,"$12,500",Snow White Pearl
377,https://www.carpages.ca/used-cars/nova-scotia/hebbville/2017-honda-accord-9122350/,2017 Honda Accord,"$25,994",Black
378,https://www.carpages.ca/used-cars/ontario/st-catharines/2018-chevrolet-volt-9121849/,2018 Chevrolet Volt,"$27,795",White
379,https://www.carpages.ca/used-cars/ontario/brampton/2019-tesla-model-3-9121714/,2019 Tesla Model 3,"$54,995",Grey
380,https://www.carpages.ca/used-cars/ontario/north-york/2014-smart-fortwo-9121582/,2014 Smart fortwo,"$15,500",Deep Black
381,https://www.carpages.ca/used-cars/alberta/edmonton/2022-bmw-3-series-9121501/,2022 BMW 3 Series,"$74,995",White
382,https://www.carpages.ca/used-cars/ontario/toronto/2017-toyota-prius-9120817/,2017 Toyota Prius,"$24,995",White
383,https://www.carpages.ca/used-cars/ontario/guelph/2018-toyota-prius-9120532/,2018 Toyota Prius,"$25,800",Blue
384,https://www.carpages.ca/used-cars/manitoba/winnipeg/2020-ford-fusion-9120259/,2020 Ford Fusion,"$33,995",White
385,https://www.carpages.ca/used-cars/alberta/edmonton/2015-chevrolet-spark-9119674/,2015 Chevrolet Spark,"$19,999",Silver
386,https://www.carpages.ca/used-cars/ontario/mississauga/2022-hyundai-tucson-hybrid-9119215/,2022 Hyundai Tucson Hybrid,"$57,495",Deep Sea Blue
387,https://www.carpages.ca/new-cars/ontario/mississauga/2022-ford-f-150-9118735/,2022 Ford F-150,"$61,690",Antimatter Blue
388,https://www.carpages.ca/new-cars/ontario/ottawa/2022-jeep-grand-cherokee-9118342/,2022 Jeep Grand Cherokee,"$91,549",Baltic Grey Metallic
389,https://www.carpages.ca/used-cars/ontario/waterloo/2018-chrysler-pacifica-9117799/,2018 Chrysler Pacifica,"$41,662",Bright White
390,https://www.carpages.ca/used-cars/ontario/kitchener/2022-kia-niro-9117748/,2022 Kia NIRO,"$40,999",Black
391,https://www.carpages.ca/used-cars/british-columbia/surrey/2022-hyundai-tucson-hybrid-9117595/,2022 Hyundai Tucson Hybrid,"$57,798",Blue
392,https://www.carpages.ca/used-cars/british-columbia/surrey/2021-hyundai-santa-fe-9117592/,2021 Hyundai Santa Fe,"$55,998",White
393,https://www.carpages.ca/used-cars/british-columbia/surrey/2021-toyota-prius-9117580/,2021 Toyota Prius,"$42,997",Black
394,https://www.carpages.ca/used-cars/alberta/edmonton/2019-mercedes-benz-cls-class-9117526/,2019 Mercedes-Benz CLS-Class,"$68,995",White
395,https://www.carpages.ca/used-cars/alberta/edmonton/2021-audi-rs-6-9117520/,2021 Audi RS 6,"$158,995",Blue
396,https://www.carpages.ca/new-cars/alberta/edmonton/2022-hyundai-santa-fe-9117457/,2022 Hyundai Santa Fe,"$52,999",
397,https://www.carpages.ca/used-cars/alberta/edmonton/2019-hyundai-sonata-9117409/,2019 Hyundai Sonata,"$44,997",Black
398,https://www.carpages.ca/used-cars/alberta/edmonton/2021-lexus-ux-9117328/,2021 Lexus UX,"$41,900",White
399,https://www.carpages.ca/used-cars/manitoba/winnipeg/2022-tesla-model-y-9117172/,2022 Tesla Model Y,"$99,982",Deep Blue Metallic
400,https://www.carpages.ca/used-cars/ontario/concord/2019-hyundai-ioniq-9117100/,2019 Hyundai IONIQ,"$32,488",Gray
401,https://www.carpages.ca/new-cars/manitoba/selkirk/2022-ford-mustang-mach-e-9116191/,2022 Ford Mustang MACH-E,"$92,979",Space White Metallic
402,https://www.carpages.ca/new-cars/saskatchewan/regina/2022-ram-1500-9116107/,2022 RAM 1500,"$80,828",Granite Crystal Metallic
403,https://www.carpages.ca/used-cars/ontario/cambridge/2019-ford-fusion-9115954/,2019 Ford Fusion,"$23,995",Black
404,https://www.carpages.ca/new-cars/nova-scotia/halifax/2023-volvo-xc90-9115819/,2023 Volvo XC90,"$77,665",Platinum Grey Metallic
405,https://www.carpages.ca/new-cars/nova-scotia/halifax/2023-volvo-v60-9115816/,2023 Volvo V60,"$65,470",Crystal White Pearl Metallic
406,https://www.carpages.ca/new-cars/newfoundland-and-labrador/st-john-s/2022-mercedes-benz-gle-9115315/,2022 Mercedes-Benz GLE,"$103,684",Polar White
407,https://www.carpages.ca/used-cars/manitoba/brandon/2018-ford-f-150-9115075/,2018 Ford F-150,"$26,299",Ruby Red Metallic Tinted Clearcoat
408,https://www.carpages.ca/new-cars/ontario/new-hamburg/2022-ford-escape-9114946/,2022 Ford Escape,"$47,449",Carbonized Gray Metallic
409,https://www.carpages.ca/new-cars/ontario/new-hamburg/2022-ford-f-150-9114928/,2022 Ford F-150,"$87,220",STAR WHITE METALLIC TRI-COAT
410,https://www.carpages.ca/used-cars/ontario/peterborough/2014-cadillac-srx-9114886/,2014 Cadillac SRX,"$11,299",White
411,https://www.carpages.ca/used-cars/ontario/peterborough/2011-ford-econoline-9114868/,2011 Ford Econoline,"$24,699",White
412,https://www.carpages.ca/used-cars/british-columbia/richmond/2017-tesla-model-s-9113707/,2017 Tesla Model S,"$72,882",Gray
413,https://www.carpages.ca/used-cars/ontario/waterloo/2019-chevrolet-bolt-9113611/,2019 Chevrolet Bolt,"$40,969",Mosaic Black Metallic
414,https://www.carpages.ca/used-cars/ontario/ottawa/2016-tesla-model-s-9113530/,2016 Tesla Model S,"$66,950",Black
415,https://www.carpages.ca/used-cars/ontario/vaughan/2015-tesla-model-s-9113395/,2015 Tesla Model S,"$59,910",Red Multi-Coat
416,https://www.carpages.ca/used-cars/ontario/nepean/2018-nissan-leaf-9113071/,2018 Nissan Leaf,"$36,495",Blue
417,https://www.carpages.ca/used-cars/ontario/oakville/2022-tesla-model-y-9112510/,2022 Tesla Model Y,"$89,700",White
418,https://www.carpages.ca/used-cars/ontario/oakville/2022-tesla-model-3-9112441/,2022 Tesla Model 3,"$68,950",Grey
419,https://www.carpages.ca/used-cars/ontario/north-york/2018-chevrolet-malibu-9112360/,2018 Chevrolet Malibu,"$25,490",Beige
420,https://www.carpages.ca/used-cars/ontario/north-york/2017-tesla-model-x-9112240/,2017 Tesla Model X,"$104,480",White
421,https://www.carpages.ca/used-cars/ontario/oakville/2020-tesla-model-3-9112225/,2020 Tesla Model 3,"$69,950",White
422,https://www.carpages.ca/used-cars/ontario/guelph/2019-kia-niro-9112057/,2019 Kia NIRO,"$26,900",Grey
423,https://www.carpages.ca/used-cars/ontario/mississauga/2022-hyundai-tucson-hybrid-9111166/,2022 Hyundai Tucson Hybrid,"$59,995",Crimson Red
424,https://www.carpages.ca/used-cars/ontario/guelph/2022-ford-maverick-9111061/,2022 Ford MAVERICK,"$45,998",Grey
425,https://www.carpages.ca/used-cars/british-columbia/port-coquitlam/2019-tesla-model-s-9110512/,2019 Tesla Model S,"$99,995",White
426,https://www.carpages.ca/used-cars/nova-scotia/halifax/2021-mercedes-benz-e-class-9110362/,2021 Mercedes-Benz E-Class,"$105,990",Black
427,https://www.carpages.ca/used-cars/ontario/oakville/2022-tesla-model-y-9110248/,2022 Tesla Model Y,"$89,980",Grey
428,https://www.carpages.ca/new-cars/ontario/new-hamburg/2022-ford-f-150-9110152/,2022 Ford F-150,"$60,960",Oxford White
429,https://www.carpages.ca/used-cars/ontario/sudbury/2020-toyota-prius-9110023/,2020 Toyota Prius,"$41,978",White
430,https://www.carpages.ca/used-cars/british-columbia/abbotsford/2022-ford-f-150-9109426/,2022 Ford F-150,"$164,995",
431,https://www.carpages.ca/used-cars/alberta/edmonton/2016-porsche-cayenne-9108865/,2016 Porsche Cayenne,"$47,998",Blue
432,https://www.carpages.ca/new-cars/alberta/edmonton/2022-ford-explorer-9108811/,2022 Ford Explorer,"$64,949",Black
433,https://www.carpages.ca/used-cars/ontario/ottawa/2022-hyundai-santa-fe-9108493/,2022 Hyundai Santa Fe,"$57,995",Magnetic Grey
434,https://www.carpages.ca/new-cars/british-columbia/surrey/2022-jeep-grand-cherokee-9108133/,2022 Jeep Grand Cherokee,"$92,169",Bright White
435,https://www.carpages.ca/new-cars/manitoba/selkirk/2022-ford-escape-9108130/,2022 Ford Escape,"$46,468",Carbonized Grey Metallic
436,https://www.carpages.ca/used-cars/ontario/kitchener/2018-nissan-leaf-9108094/,2018 Nissan Leaf,"$37,909",Deep Blue Pearl
437,https://www.carpages.ca/used-cars/ontario/brampton/2021-toyota-highlander-9107965/,2021 Toyota Highlander,"$59,900",Grey
438,https://www.carpages.ca/used-cars/ontario/guelph/2013-volkswagen-jetta-9107599/,2013 Volkswagen Jetta,"$15,495",Black
439,https://www.carpages.ca/new-cars/nova-scotia/halifax/2023-volvo-s90-9106507/,2023 Volvo S90,"$86,445",Onyx Black Metallic
440,https://www.carpages.ca/used-cars/ontario/oakville/2018-toyota-rav4-9106294/,2018 Toyota RAV4,"$37,888",Blue
441,https://www.carpages.ca/new-cars/ontario/mississauga/2022-ford-f-150-9105871/,2022 Ford F-150,"$61,240",Oxford White
442,https://www.carpages.ca/used-cars/british-columbia/surrey/2023-jeep-wrangler-9105598/,2023 Jeep Wrangler,"$78,673",Red
443,https://www.carpages.ca/used-cars/british-columbia/surrey/2022-jeep-wrangler-9105433/,2022 Jeep Wrangler,"$80,341",White
444,https://www.carpages.ca/used-cars/ontario/clarington/2022-chevrolet-bolt-9104776/,2022 Chevrolet Bolt,"$51,995",Blue
445,https://www.carpages.ca/used-cars/ontario/brampton/2022-tesla-model-y-9104629/,2022 Tesla Model Y,"$91,995",
446,https://www.carpages.ca/new-cars/ontario/hagersville/2023-ford-f-150-9104287/,2023 Ford F-150,"$94,670",STAR WHITE METALLIC TRI-COAT
447,https://www.carpages.ca/new-cars/alberta/edmonton/2023-jaguar-f-pace-9104146/,2023 Jaguar F-PACE,"$96,940.47",
448,https://www.carpages.ca/used-cars/ontario/nepean/2021-hyundai-ioniq-9103777/,2021 Hyundai IONIQ,"$41,488",Black
449,https://www.carpages.ca/used-cars/manitoba/winnipeg/2022-hyundai-ioniq-5-9103735/,2022 Hyundai IONIQ 5,"$77,991",Cyber Grey
450,https://www.carpages.ca/new-cars/manitoba/winnipeg/2023-toyota-sequoia-9103699/,2023 Toyota Sequoia,"$79,249",Magnetic Gray Metallic
451,https://www.carpages.ca/new-cars/manitoba/winnipeg/2023-toyota-sequoia-9103696/,2023 Toyota Sequoia,"$92,249",Supersonic Red
452,https://www.carpages.ca/new-cars/manitoba/winnipeg/2023-toyota-sequoia-9103693/,2023 Toyota Sequoia,"$81,749",White
453,https://www.carpages.ca/used-cars/ontario/mississauga/2021-hyundai-elantra-9102190/,2021 Hyundai Elantra,"$40,495",Electric Shadow
454,https://www.carpages.ca/used-cars/ontario/mississauga/2022-hyundai-tucson-hybrid-9102184/,2022 Hyundai Tucson Hybrid,"$59,995",Deep Sea Blue
455,https://www.carpages.ca/used-cars/ontario/mississauga/2021-hyundai-santa-fe-9102181/,2021 Hyundai Santa Fe,"$54,995",LAGOON BLUE
456,https://www.carpages.ca/new-cars/ontario/bolton/2023-jeep-wrangler-9101785/,2023 Jeep Wrangler,"$77,795",Black
457,https://www.carpages.ca/new-cars/ontario/bolton/2023-jeep-wrangler-9101770/,2023 Jeep Wrangler,"$76,440",Black
458,https://www.carpages.ca/new-cars/ontario/bolton/2023-jeep-wrangler-9101764/,2023 Jeep Wrangler,"$75,848",Black
459,https://www.carpages.ca/new-cars/ontario/bolton/2023-jeep-wrangler-9101743/,2023 Jeep Wrangler,"$77,790",Purple
460,https://www.carpages.ca/new-cars/ontario/bolton/2023-jeep-wrangler-9101740/,2023 Jeep Wrangler,"$69,550",Black
461,https://www.carpages.ca/new-cars/british-columbia/fort-st-john/2022-ford-f-150-9101002/,2022 Ford F-150,"$85,725",Iced Blue Silver Metallic
462,https://www.carpages.ca/used-cars/british-columbia/abbotsford/2019-hyundai-ioniq-hybrid-9100993/,2019 Hyundai Ioniq Hybrid,"$29,998",Intense Blue Metallic
463,https://www.carpages.ca/used-cars/alberta/high-river/2021-toyota-corolla-9100930/,2021 Toyota Corolla,"$37,995",Black Sand Pearl
464,https://www.carpages.ca/used-cars/ontario/st-catharines/2017-volvo-xc90-9100792/,2017 Volvo XC90,"$44,998",Black
465,https://www.carpages.ca/used-cars/ontario/bolton/2022-toyota-sienna-9100678/,2022 Toyota Sienna,"$78,995",Ruby Flare Pearl
466,https://www.carpages.ca/used-cars/ontario/ottawa/2016-nissan-leaf-9100570/,2016 Nissan Leaf,"$24,627",Pearl White
467,https://www.carpages.ca/used-cars/ontario/ottawa/2019-kia-niro-9100567/,2019 Kia NIRO,"$47,887",Aurora Black
468,https://www.carpages.ca/used-cars/british-columbia/richmond/2019-tesla-model-3-9100441/,2019 Tesla Model 3,"$52,637",Solid Black
469,https://www.carpages.ca/used-cars/british-columbia/richmond/2022-lucid-air-9100432/,2022 Lucid Air,"$208,888",INFINITE BLACK
470,https://www.carpages.ca/used-cars/british-columbia/surrey/2021-toyota-rav4-9100261/,2021 Toyota RAV4,"$53,562",Silver
471,https://www.carpages.ca/used-cars/manitoba/winnipeg/2021-tesla-model-y-9099550/,2021 Tesla Model Y,"$86,881",Deep Blue Metallic
472,https://www.carpages.ca/used-cars/ontario/toronto/2010-chevrolet-malibu-9099313/,2010 Chevrolet Malibu,"$8,998",White
473,https://www.carpages.ca/used-cars/ontario/kingston/2022-tesla-model-y-9097864/,2022 Tesla Model Y,"$93,888",White
474,https://www.carpages.ca/used-cars/ontario/scarborough/2013-toyota-prius-9097858/,2013 Toyota Prius,"$13,995",Blue
475,https://www.carpages.ca/used-cars/saskatchewan/saskatoon/2017-ford-fusion-9097069/,2017 Ford Fusion,"$30,400",White Platinum Metallic Tri-Coat
476,https://www.carpages.ca/used-cars/ontario/guelph/2021-audi-a5-9096916/,2021 Audi A5,"$51,988",White
477,https://www.carpages.ca/used-cars/ontario/guelph/2017-audi-a3-9096889/,2017 Audi A3,"$31,998",Black
478,https://www.carpages.ca/used-cars/british-columbia/vancouver/2019-tesla-model-3-9096322/,2019 Tesla Model 3,"$49,995",Red
479,https://www.carpages.ca/used-cars/quebec/saint-hubert/2020-tesla-model-3-9095878/,2020 Tesla Model 3,"$59,970",Pearl White Multi-Coat
480,https://www.carpages.ca/used-cars/ontario/oakville/2018-tesla-model-3-9095236/,2018 Tesla Model 3,"$54,950",Red
481,https://www.carpages.ca/used-cars/british-columbia/abbotsford/2021-ford-mustang-mach-e-9094297/,2021 Ford Mustang MACH-E,"$76,888",
482,https://www.carpages.ca/used-cars/manitoba/winnipeg/2021-audi-q5-9093658/,2021 Audi Q5,"$64,500",Ultra Blue Metallic
483,https://www.carpages.ca/new-cars/new-brunswick/saint-john/2022-mercedes-benz-gle-9093565/,2022 Mercedes-Benz GLE,"$197,227",Obsidian Black Met
484,https://www.carpages.ca/used-cars/british-columbia/surrey/2022-tesla-model-y-9093433/,2022 Tesla Model Y,"$100,597",Grey
485,https://www.carpages.ca/new-cars/alberta/red-deer/2022-lincoln-corsair-9092599/,2022 Lincoln Corsair,"$78,120",Black
486,https://www.carpages.ca/new-cars/manitoba/winnipeg/2023-toyota-camry-9092449/,2023 Toyota Camry,"$34,883",Midnight Black Metallic
487,https://www.carpages.ca/new-cars/manitoba/winnipeg/2023-toyota-camry-9092446/,2023 Toyota Camry,"$41,483",Pre-Dawn Grey Mica
488,https://www.carpages.ca/new-cars/manitoba/winnipeg/2023-toyota-camry-9092440/,2023 Toyota Camry,"$38,163",Midnight Black Metallic
489,https://www.carpages.ca/new-cars/manitoba/winnipeg/2023-toyota-camry-9092407/,2023 Toyota Camry,"$43,683",Celestial Silver Metallic
490,https://www.carpages.ca/new-cars/manitoba/winnipeg/2023-kia-sorento-9091651/,2023 Kia Sorento,"$59,100",White
491,https://www.carpages.ca/new-cars/manitoba/winnipeg/2023-kia-sorento-9091648/,2023 Kia Sorento,"$54,700",White
492,https://www.carpages.ca/new-cars/manitoba/winnipeg/2023-kia-sorento-9091645/,2023 Kia Sorento,"$49,700",White
493,https://www.carpages.ca/new-cars/manitoba/winnipeg/2023-kia-sorento-9091642/,2023 Kia Sorento,"$46,000",White
494,https://www.carpages.ca/new-cars/manitoba/winnipeg/2023-kia-sorento-9091639/,2023 Kia Sorento,"$40,700",White
495,https://www.carpages.ca/new-cars/ontario/ottawa/2022-ford-f-150-9090490/,2022 Ford F-150,"$62,455",Iconic Silver Metallic
496,https://www.carpages.ca/new-cars/ontario/peterborough/2023-ford-f-150-9090358/,2023 Ford F-150,"$66,774",Oxford White
497,https://www.carpages.ca/new-cars/saskatchewan/paradise-hill/2022-ford-mustang-mach-e-9089758/,2022 Ford Mustang MACH-E,"$78,090",SHADOW BLACK
498,https://www.carpages.ca/used-cars/british-columbia/surrey/2020-toyota-rav4-9089029/,2020 Toyota RAV4,"$50,997",White
499,https://www.carpages.ca/new-cars/alberta/edmonton/2022-ford-escape-9088582/,2022 Ford Escape,"$49,250",Blue
500,https://www.carpages.ca/new-cars/alberta/edmonton/2022-ford-escape-9088567/,2022 Ford Escape,"$48,074",White
